No,대표코드,품명,품번,경면(전면),임가공처
1,HF1-6,Denver Oak,10101-L209944/10,민자 (소프트엠보),
2,A3-15,Cordoba Pine,14-01016-120,UK,목림
3,A7-710,Laricio Pine Quer,14-01024-001,민자,"목림,승은산업,건창기업,제이제이"
4,A7-709,Laricio Pine Quer,14-01024-108,민자,"목림,승은산업,건창기업,제이제이"
5,B53-399,Laricio Pine Quer,14-01024-108,HS-1,승은산업
6,A7-842,Laricio Pine Quer,14-01024-110,민자,목림
7,A40-817,Laricio Pine Quer,14-01024-110,HM,목림(유사 SM)
8,A3-16,Altai Larch,14-01037-108,UK,목림
9,A24-146,Altai Larch,14-01037-108,QT,"목림,승은산업, 제이제이데코"
10,B59-560,Altai Larch,14-01037-111,LV,건창기업
11,A24-264,Altai Larch,14-01037-111,QT,"목림,승은산업, 제이제이데코"
12,A3-622,Altai Larch,14-01037-117,UK,목림
13,B45-445,Altai Larch,14-01037-117,L,건창기업
14,C8-48,LARIX KOMBI,14-01038-119,FB,
15,A7-708,Kassandra Pine,14-01061-005,민자,"목림,승은산업,건창기업,제이제이"
16,B45-792,Kassandra Pine,14-01061-005,L,
17,A3-504,Grenada Pine,14-01087-100,UK,목림
18,A39-595,Wisla Pine,14-01089-003,TK,목림(유사 J)
19,A3-17,Santorini Pine,14-01090-002,UK,목림
20,A3-72,Lathi Birch ,14-05031-111,UK,목림
21,A39-579,Lathi Birch,14-05031-111,TK,목림(유사 J)
22,A4-652,Lathi Birch,14-05031-111,소프트엠보 ,"목림,승은산업,건창기업,제이제이 데코 등"
23,A3-18,Imatra Birch,14-05054-105,UK,목림
24,A24-360, Imatra Birch,14-05054-105,QT,"목림,승은산업, 제이제이데코"
25,A25-666,Imatra Birch,14-05054-105,J,건창기업(유사 TK)
26,B45-261,Imatra Birch,14-05054-105,L,건창기업
27,B59-551,Imatra Birch,14-05054-107,LV,건창기업
28,B3-311,Imatra Birch,14-05054-107,UK,
29,A14-117,Sundvall Birch,14-05057-001,WT,목림
30,A39-580,Wendelstein Oak,14-10003-172,TK,목림(유사 J)
31,B45-669,Wendelstein Oak,14-10003-172,L,
32,A3-73,Wendelstein Oak,14-10003-172,UK,목림
33,B11-77,Wendelstein Oak,14-10003-172,PM,"목림, 건창기업"
34,HF1-18,Wendelstein Oak,14-10003-밝은톤,민자 (소프트엠보),메라톤
35,A3-19,Colorado Oak,14-10004-105,UK,목림
36,HF1-16,Canyon Castle Oak,14-10016-중간톤,민자 (소프트엠보),메라톤
37,A3-74,Royal Planked Natural Oak,14-10019-108,UK,목림
38,B45-791,Royal Planked Natural Oak,14-10019-110,L,
39,A3-423,Royal Planked Natural Oak,14-10019-110,UK,목림
40,A25-225,Royal Planked Natural Oak,14-10019-110,J,건창기업(유사 TK)
41,B45-670,Royal Planked Natural Oak,14-10019-120,L,
42,A7-472,Royal Planked Natural Oak,14-10019-120,민자,"목림,승은산업,건창기업,제이제이 데코 등"
43,A3-20,Royal Planked Natural Oak,14-10019-120,UK,목림
44,B59-552,Royal Planked Natural Oak,14-10019-120,LV,건창기업
45,HF1-9,Royal Planked Natural Oak,14-10019-120,민자 (소프트엠보),메라톤
46,B45-192,Royal Planked Natural Oak,14-10019-131,L,건창기업
47,B3-849,Royal Planked Natural Oak,14-10019-131,UK,
48,B45-807,Royal Planked Natural Oak,14-10019-134,L,
49,B3-581,Royal Planked Natural Oak,14-10019-134,UK,
50,C45-66,Niagara Oak,14-10024-390,L,
51,A39-749,Niagara Oak,14-10024-390,TK,목림(유사 J)
52,A3-21,Niagara Oak,14-10024-390,UK,목림
53,A3-22,Niagara Oak,14-10024-392,UK,목림
54,A24-253,Niagara Oak ,14-10024-397,QT,"목림,승은산업, 제이제이데코"
55,C45-65,Niagara Oak,14-10024-397,L,
56,A3-71,Niagara Oak ,14-10024-397,UK,목림
57,A39-581,Niagara Oak,14-10024-397,TK,목림(유사 J)
58,HF2-11,Niagara Oak,14-10024-397,NM,메라톤
59,B43-8,Niagara Oak,14-10024-407,목림246,목림
60,C45-67,Niagara Oak,14-10024-407,L,
61,A24-254,Niagara Oak ,14-10024-407,QT,"목림,승은산업, 제이제이데코"
62,A3-70,Niagara Oak ,14-10024-407,UK,목림
63,HF2-5,Niagara Oak,14-10024-407,NM,메라톤
64,A3-245,Catania Oak,14-10033-001,UK,목림
65,B45-193,Catania Oak,14-10033-001,L,건창기업
66,B39-95,Catania Oak,14-10033-006,TK,목림(유사 J)
67,B3-116,Catania Oak,14-10033-006,UK,목림
68,A3-23,Matterhorn Oak,14-10035-004,UK,목림
69,B45-186,Matterhorn Oak,14-10035-004,L,건창기업
70,B43-9,Matterhorn Oak,14-10035-007,목림246,목림
71,A3-364,Matterhorn Oak,14-10035-007,UK,목림
72,A14-125,Alzey Oak,14-10054-002,WT,목림
73,A3-505,Chamonix Eiche,14-10059-105,UK,목림
74,A3-232,Oak Chamonix,14-10059-165,UK,목림
75,A3-855,Chamonix Oak,14-10059-186,UK,목림
76,A3-24,Valley Oak,14-10075-001,UK,목림
77,A3-116,Valley Oak,14-10075-101,UK,목림
78,A39-576,Real Rovere,14-10082-002,TK,목림(유사 J)
79,A3-179,Real Rovere,14-10082-002,UK,목림
80,A39-577,Real Rovere,14-10082-185,TK,목림(유사 J)
81,A3-728,Real Rovere,14-10082-185,UK,목림
82,B45-671,Real Rovere,14-10082-197,L,
83,B3-527,Real Rovere,14-10082-197,UK,
84,A39-586,Denver Oak,14-10101-120,TK,목림(유사 J)
85,A3-463,Denver Oak,14-10101-126,UK,목림
86,A25-679,Denver Oak,14-10101-126,J,건창기업(유사 TK)
87,A39-583,Denver Oak,14-10101-130,TK,목림(유사 J)
88,C3-71,Denver Oak,14-10101-131,UK,
89,B45-926,Denver Oak,14-10101-131,L,
90,A39-588,Denver Oak,14-10101-131,TK,목림(유사 J)
91,B45-593,Denver Oak,14-10101-132,L,
92,A3-417,Denver Oak,14-10101-132,UK,목림
93,A3-374,Denver Oak,14-10101-133,UK,목림
94,A39-584,Denver Oak,14-10101-133,TK,목림(유사 J)
95,B3-864,Denver Oak,14-10101-135,UK,
96,A39-587,Denver Oak,14-10101-135,TK,목림(유사 J)
97,A39-585,Denver Oak,14-10101-143,TK,목림(유사 J)
98,B3-133,Antique Oak Fhs,14-10110-101,UK,목림
99,A14-118,Antique Oak Fhs,14-10110-101,WT,목림
100,B45-385,Cheyenne Oak,14-10131-102,L,건창기업
101,A3-413,Cheyenne Oak,14-10131-102,UK,목림
102,A39-750,Cheyenne Oak,14-10131-102,TK,목림(유사 J)
103,B11-78,Cheyenne Oak,14-10131-102,PM,"목림, 건창기업"
104,A24-850,Cheyenne Oak,14-10131-103,QT,"목림,승은산업, 제이제이데코"
105,A3-487,Cheyenne Oak,14-10131-103,UK,목림
106,B45-454,Cheyenne Oak,14-10131-103,L,건창기업
107,A3-574,Cheyenne Oak,14-10131-106,UK,목림
108,B59-553,Cheyenne Oak,14-10131-106,LV,건창기업
109,B45-586,Cheyenne Oak ,14-10131-106,L,
110,B54-403,Cheyenne Oak,14-10131-106,ST,승은산업
111,A3-25,Belfort Oak,14-10137-004,UK,목림
112,B54-402,Belfort Oak,14-10137-004,ST,승은산업
113,T45-437,Belfort Oak,14-10137-004,L,건창기업
114,B3-388,Belfort Oak,14-10137-127,UK,
115,A3-26,Belfort Oak,14-10137-135,UK,목림
116,A3-273,Canterbury Oak,14-10144-002,UK,목림 
117,B3-52,Canyon White Wash Oak,14-10153-111,UK,목림
118,A3-614,Canyon Kalk Eiche Astlos,14-10153-112,UK,목림
119,B11-79,Canyon White Wash Oak,14-10153-112,PM,"목림, 건창기업"
120,A3-856,Canyon White Wash Oak,14-10153-113,UK,목림
121,B45-370,Canyon Kalk Eiche Astlos,14-10153-116,L,건창기업
122,B3-371,Canyon Kalk Eiche Astlos,14-10153-116,UK,
123,B25-372,Canyon Kalk Eiche Astlos,14-10153-116,J,건창기업(유사 TK)
124,A25-226,Xigaze Oak excl,14-10158-100,J,건창기업(유사 TK)
125,A3-845,Xigaze Oak excl,14-10158-100,UK,목림
126,HF2-24,Xigaze Oak excl,14-10158-100,NM,메라톤
127,C3-1,Xigaze Oak excl,14-10158-102,UK,
128,C45-2,Xigaze Oak excl,14-10158-102,L,
129,A24-89,Pasadena Oak,14-10167-004,QT,"목림,승은산업, 제이제이데코"
130,A24-145,Rijeka Oak,14-10168-002,QT,"목림,승은산업, 제이제이데코"
131,A3-294,Rijeka Oak,14-10168-002,UK,목림
132,A3-27,Santana Oak,14-10175-003,UK,목림
133,A3-234,Santana Oak,14-10175-004,UK,목림
134,A24-851,Santana Oak,14-10175-004,QT,"목림,승은산업, 제이제이데코"
135,A39-729,Santana Oak,14-10175-111,TK,목림(유사 J)
136,A3-28,Santana Oak,14-10175-111,UK,목림
137,B45-591,Santana Oak,14-10175-111,L,
138,A7-469,Santana Oak,14-10175-111,민자,"목림,승은산업,건창기업,제이제이 데코 등"
139,A3-409,Santana Oak,14-10175-124,UK,목림
140,B11-80,Santana Oak,14-10175-124,PM,"목림, 건창기업"
141,A3-506,Santana Oak,14-10175-131,UK,목림
142,B45-874,Santana Oak,14-10175-131,L,
143,A3-507,Santana Oak,14-10175-133,UK,목림
144,B45-850,Santana Oak,14-10175-175,L,
145,A3-274,Sonoma Oak,14-10183-001,UK,목림
146,A3-508,Sonoma Eiche,14-10183-102,UK,목림
147,B3-528,Sonoma Oak,14-10183-177,UK,
148,A3-509,Sonoma Eiche,14-10183-213,UK,목림
149,A7-467,Chambord Oak,14-10194-001,민자,"목림,승은산업,건창기업,제이제이 데코 등"
150,A3-466,Chambord Oak,14-10194-001,UK ,목림
151,A7-470,Canyon Mandarin Oak,14-10194-002,민자,"목림,승은산업,건창기업,제이제이 데코 등"
152,A3-276,Canyon Mandarin Oak ,14-10194-002,UK,목림
153,A3-233,Canyon Mandarin Oak,14-10194-002,UK,목림
154,A3-465,Canyon Mandarin Oak,14-10194-003,UK,목림
155,A7-468,Canyon Mandarin Oak,14-10194-003,민자,"목림,승은산업,건창기업,제이제이 데코 등"
156,A3-923,Chambord Oak,14-10195-001,UK,목림 
157,A7-471,Riviera Oak,14-10200-001,민자,"목림,승은산업,건창기업,제이제이 데코 등"
158,A3-29,Riviera Oak,14-10200-001,UK,목림
159,A25-682,Riviera Oak,14-10200-002,J,건창기업(유사 TK)
160,B45-790,Riviera Oak,14-10200-002,L,
161,A3-30,Riviera Oak,14-10200-002,UK,목림
162,A7-464,Riviera Oak,14-10200-002,민자,"목림,승은산업,건창기업,제이제이 데코 등"
163,A3-306,Riviera Oak,14-10200-003,UK,목림
164,A3-307,Riviera Oak,14-10200-128,UK,목림
165,A25-683,Riviera Oak,14-10200-128,J,건창기업(유사 TK)
166,A3-501,Ontario Oak,14-10201-102,UK,목림
167,A3-795,Ontario Oak,14-10201-103,UK,목림
168,C45-33,Ontario Oak,14-10201-103,LT,
169,B45-40,Ontario Eiche,14-10201-104,L,건창기업
170,B43-10,Ontario Eiche,14-10201-104,목림246,목림
171,A3-796,Ontario Eiche,14-10201-104,UK,목림
172,B3-64,Somerset Oak,14-10206-101,UK,목림
173,A14-120,Rovere Glamour,14-10218-002,WT,목림
174,B45-794,Kanas Oak,14-10223-114,L,
175,A3-31,Chesterfield Oak,14-10233-001,UK,목림
176,C59-87,Chesterfield Oak,14-10233-001,LV,
177,A24-256,Chesterfield Oak,14-10233-001,QT,"목림,승은산업, 제이제이데코"
178,B25-539,Chesterfield Oak,14-10233-001,J,
179,B45-281,Chesterfield Oak,14-10233-004,L,건창기업
180,B25-282,Chesterfield Oak,14-10233-004,J,건창기업(유사 TK)
181,B59-558,Chesterfield Oak,14-10233-004,LV,건창기업
182,B43-283,Chesterfield Oak,14-10233-004,목림246,목림
183,A24-257,Chesterfield Oak,14-10233-004,QT,"목림,승은산업, 제이제이데코"
184,A3-32,Chesterfield Oak,14-10233-004,UK,목림
185,A4-649,Chesterfield Oak,14-10233-111,소프트엠보 ,"목림,승은산업,건창기업,제이제이 데코 등"
186,A3-184,Chesterfield Oak,14-10233-111,UK,목림
187,B45-187,Chesterfield Oak,14-10233-111,L,건창기업
188,A3-301,Chesterfield Oak,14-10233-136,UK,목림
189,A3-424,Beaufort Oak,14-10239-001,UK,목림
190,B45-857,Beaufort Oak,14-10239-001,L,
191,A3-742,Creso Oak,14-10244-103,UK,목림
192,B39-1,Creso Oak,14-10244-103,TK,목림(유사 J)
193,B11-81,Creso Oak,14-10244-103,PM,"목림, 건창기업"
194,A3-510,Salinas Eiche,14-10246-100,UK,목림
195,A3-511,Salinas Eiche,14-10246-121,UK,목림
196,B43-11,Salinas Oak,14-10246-136,목림246,목림
197,B45-318,Salinas Oak,14-10246-136,L,건창기업
198,A3-198,Rovere Kendal,14-10263-003,UK,목림
199,A3-512,Riviera Oak,14-10300-108,UK,목림
200,B3-858,Catania Oak,14-10332-132,UK,
201,B45-194,Catania Oak,14-10332-132,L,건창기업
202,A3-187,Belfort Oak,14-10337-102,UK,목림
203,B3-671,Beaufort Oak CN,14-10339-001,UK,
204,HF4-42,Canyon Monument Oak,14-10347-001,BF,
205,A3-513,Canyon Monument Oak,14-10347-001,UK,목림
206,A3-503,Canyon Monument Oak CN,14-10347-103,UK,목림
207,A3-308,Canyon Kalk Eiche Astlos CN,14-10355-100,UK,목림
208,HF2-12,Canyon Kalk Eiche Astlos CN,14-10355-100,NM,메라톤
209,B3-216,canyon kalkeiche astlos,14-10355-103,UK,목림
210,B3-748,Rovere Kendal,14-10363-115,UK,목림
211,B3-529,Life Oak CN III,14-10367-102,UK,
212,A3-386,Armagh Oak excl. CN,14-10394-106,UK,목림
213,A3-385,Armagh Oak excl. CN,14-10394-108,UK,목림
214,A3-410,Armagh Oak excl. CN,14-10394-109,UK,목림
215,A3-387,Armagh Oak excl. CN,14-10394-110,UK,목림
216,A3-403,Borders Oak excl. CN,14-10395-104,UK,목림
217,A7-404,Borders Oak excl. CN,14-10395-104,민자,"목림,승은산업,건창기업,제이제이 데코 등"
218,A3-361,Cadiz Oak,14-10407-103,UK,목림
219,B3-150,Canyon Flagstaff Oak,14-10412-001,UK,목림
220,B39-91,Canyon Flagstaff Oak,14-10412-001,TK,목림(유사 J)
221,B39-92,Canyon Flagstaff Oak,14-10412-004,TK,목림(유사 J)
222,B39-93,Delano Oak,14-10418-001,TK,목림(유사 J)
223,B3-148,Delano Oak,14-10418-001,UK,목림
224,B3-114,Delano Oak,14-10418-003,UK,목림
225,B39-94,Delano Oak,14-10418-003,TK,목림(유사 J)
226,B45-466,Delano Oak,14-10418-003,L,
227,HF2-27,Delano Oak,14-10418-003,NM,메라톤
228,B45-197,Canyon Amundsen Oak,14-10428-001,L,건창기업
229,A3-248,Canyon Amundsen Oak,14-10428-001,UK,목림
230,A25-278,Biscaya Oak,14-10434-001,J,건창기업(유사 TK)
231,A3-249,Biscaya Oak,14-10434-001,UK,목림
232,B45-195,Biscaya Oak,14-10434-001,L,건창기업
233,A3-305,Cornwall Oak,14-10440-003,UK,목림
234,A3-384,Canyon Waterford ,14-10455-002,UK,목림
235,B3-54,Svendborg Eiche,14-10473-999,UK,목림
236,A14-126,Genuine Oak,14-10675-002,WT,목림
237,HF2-25,Garden Oak,14-10735-001,NM,메라톤
238,B3-97,Garden Oak,14-10735-001,UK,목림
239,HF2-26,Garden Oak,14-10735-003,NM,메라톤
240,B3-98,Garden Oak,14-10735-003,UK,목림
241,B3-149,Flagstaff Oak,14-10778-003,UK,목림
242,B3-96,Flagstaff Oak,14-10778-006,UK,목림
243,A3-929,Life Oak,14-10946-104,UK,목림
244,A3-857,Life Oak,14-10946-106,UK,목림
245,B3-670,Life Oak II,14-10946-109,UK,
246,B25-886,Life Oak II,14-10946-109,J,
247,B45-41,Life Oak II,14-10946-116,L,건창기업
248,HF2-3,Life Oak,14-10946-116,NM,메라톤
249,A25-835,Life Oak,14-10946-116,J,건창기업(유사 TK)
250,A25-836,Life Oak,14-10946-117,J,건창기업(유사 TK)
251,HF2-4,Life Oak,14-10946-117,NM,메라톤
252,B3-744,Life Oak II,14-10946-117,UK,
253,B45-42,Life Oak II,14-10946-117,L,건창기업
254,HF4-20,Life Oak,14-10946-117,BF,
255,A39-818,Life Oak II,14-10946-117,TK,목림(유사 J)
256,B59-554,Life Oak II,14-10946-117,LV,건창기업
257,B25-887,Life Oak II,14-10946-118,J,
258,HF2-7,Life Oak,14-10946-118,NM,메라톤
259,B45-188,Life Oak II,14-10946-118,L,건창기업
260,HF2-20,Life Oak II,14-10946-118(중복),NM,메라톤
261,B25-888,Life Oak II,14-10946-119,J,
262,B45-189,Life Oak II,14-10946-119,L,건창기업
263,B3-381,Life Oak II,14-10946-119,UK,
264,HF2-14,Life Oak,14-10946-120,NM,메라톤
265,B25-889,Life Oak II,14-10946-120,J,
266,B45-190,Life Oak II,14-10946-120,L,건창기업
267,B3-433,Life Oak II,14-10946-120,UK,
268,B59-561,Life Oak Ⅱ,14-10946-122,LV,건창기업
269,B25-890,Life Oak II,14-10946-122,J,
270,B25-891,Life Oak II,14-10946-123,J,
271,B45-468,Life Oak II,14-10946-123,L,
272,HF2-21,Life Oak II,14-10946-123,NM,메라톤
273,B25-892,Life Oak II,14-10946-124,J,
274,HF4-21,Life Oak,14-10946-124,BF,
275,HF2-15,Life Oak,14-10946-124,NM,메라톤
276,B59-562,Life Oak Ⅱ,14-10946-125,LV,건창기업
277,B3-301,Life Oak ll,14-10946-125,UK,
278,B45-576,Life Oak,14-10946-125,L,
279,B25-893,Life Oak II,14-10946-125,J,
280,B25-894,Life Oak II,14-10946-126,J,
281,B45-577,Life Oak,14-10946-126,L,
282,B3-293,Life Oak ll,14-10946-126,UK,목림
283,B25-895,Life Oak II,14-10946-127,J,
284,B3-538,Life Oak II,14-10946-127,UK,
285,B45-842,Life Oak,14-10946-130,L,
286,HF2-46,Life Oak,14-10946-조색8,NM,
287,A24-854,Coimbra Esche,14-11028-001,QT,"목림,승은산업, 제이제이데코"
288,A3-860,Coimbra Esche,14-11028-001,UK,목림
289,A3-514,Coimbra,14-11028-129,UK,목림
290,A3-180,Aveiro Ash,14-11033-129,UK,목림
291,A39-582,Aveiro Ash,14-11033-129,TK,목림(유사 J)
292,B45-453,Aveiro Ash,14-11033-129,L,건창기업
293,B45-444,Frassino Ryoba,14-11037-004,L,건창기업
294,A24-172,Frassino Ryoba,14-11037-004,QT,"목림,승은산업, 제이제이데코"
295,B3-297,Frassino Ryoba,14-11037-조색9,UK,목림
296,A3-606,Alcantara Oak,14-11043-001,UK,목림
297,B45-452,Palm Beach Ash,14-11049-002,L,건창기업
298,A24-852,Palm Beach Ash,14-11049-002,QT,"목림,승은산업, 제이제이데코"
299,A3-447,Palm Beach Ash,14-11049-002,UK,목림
300,B7-448,Palm Beach Ash,14-11049-106,민자,
301,A25-213,Palm Beach Ash,14-11049-106,J,건창기업(유사 TK)
302,B45-451,Palm Beach Ash,14-11049-106,L,건창기업
303,A3-181,Palm Beach Ash,14-11049-106,UK,목림
304,A24-263,Palm Beach Ash,14-11049-106,QT,"목림,승은산업, 제이제이데코"
305,B38-164,Palm Beach Ash,14-11049-106,PNS,목림(피앤데코 경면) / 엇결
306,B45-514,Palm Beach Ash,14-11049-109,L,
307,B3-896,Palm Beach Ash,14-11049-109,UK,
308,A3-147,Palm Beach Ash,14-11049-113,UK,목림
309,B45-262,Palm Beach Ash,14-11049-113,L,건창기업
310,A25-214,Palm Beach Ash,14-11049-113,J,건창기업(유사 TK)
311,A24-395,Plam Beach ash ,14-11049-114,QT,"목림,승은산업, 제이제이데코"
312,A3-76,Palm Beach Ash ,14-11049-114,UK,목림
313,A25-215,Palm Beach Ash ,14-11049-114,J,건창기업(유사 TK)
314,HF2-13,Palm Beach Ash ,14-11049-114,NM,메라톤
315,B45-446,Palm Beach Ash,14-11049-114,L,건창기업
316,HF2-23,Palm Beach Ash,14-11049-114(중복),NM,메라톤
317,B45-447,Palm Beach Ash,14-11049-115,L,건창기업
318,A3-75,Palm Beach Ash ,14-11049-115,UK,목림
319,A25-216,Palm Beach Ash ,14-11049-115,J,건창기업(유사 TK)
320,B59-550,Palm Beach Ash,14-11049-115,LV,건창기업
321,B24-162,Palm Beach Ash ,14-11049-115,QT,"목림,승은산업, 제이제이데코"
322,B43-12,Palm Beach Ash,14-11049-115,목림246,목림
323,B38-163,Palm Beach Ash,14-11049-115,PNS,목림(피앤데코 경면) / 엇결
324,A3-418,Palm Beach Ash ,14-11049-118,UK,목림
325,A25-217,Palm Beach Ash ,14-11049-118,J,건창기업(유사 TK)
326,A3-367,Palm Beach Ash ,14-11049-120,UK,목림
327,B45-450,Palm Beach Ash,14-11049-120,L,건창기업
328,A24-394,Plam Beach ash ,14-11049-120,QT,"목림,승은산업, 제이제이데코"
329,A39-481,Palm Beach Ash ,14-11049-120,TK,목림(유사 J)
330,A25-218,Palm Beach Ash ,14-11049-120,J,건창기업(유사 TK)
331,A24-766,Palm Beach Ash,14-11049-122,QT,"목림,승은산업, 제이제이데코"
332,B45-449,Palm Beach Ash,14-11049-122,L,건창기업
333,A3-379,Palm Beach Ash ,14-11049-122,UK,목림
334,HF1-2,Palm Beach Ash ,14-11049-122,민자 (소프트엠보),메라톤
335,A25-219,Palm Beach Ash ,14-11049-122,J,건창기업(유사 TK)
336,B3-743,Palm Beach Ash,14-11049-124,UK,
337,B45-384,Palm Beach Ash,14-11049-124,L,건창기업
338,HF1-1,Palm Beach Ash ,14-11049-124,민자 (소프트엠보),메라톤
339,B54-405,Palm Beach Ash,14-11049-136,ST,승은산업
340,B45-191,Palm Beach Ash,14-11049-136,L,건창기업
341,HF3-8,Palm Beach Ash,14-11049-136,HR,메라톤
342,B3-742,Palm Beach Ash,14-11049-136,UK,
343,B3-897,Palm Beach Ash CN,14-11049-137,UK,
344,B3-898,Palm Beach Ash CN,14-11049-138,UK,
345,B3-899,Palm Beach Ash,14-11049-139,UK,
346,HF6-50,Palm Beach Ash,14-11049-139,WB,제이에스폴리텍
347,HF3-55,Palm Beach Ash,14-11049-141,HR,
348,HF1-10,Palm Beach Ash,14-11049-조색4,민자 (소프트엠보),메라톤
349,A3-613,Borodino Ash,14-11057-001,UK,목림
350,A25-224,Borodino Ash,14-11057-002,J,건창기업(유사 TK)
351,B45-622,Borodino Ash,14-11057-002,L,
352,C45-38,Alassio Ash,14-11072-003,L,
353,A3-859,Almeria Ash,14-11089-001,UK,목림
354,A24-853,Almeria Ash,14-11089-001,QT,"목림,승은산업, 제이제이데코"
355,A3-195,Almeria Ash,14-11089-109,UK,목림
356,B43-13,Almeria Ash,14-11089-109,목림246,목림
357,A24-255,Almeria Ash,14-11089-109,QT,"목림,승은산업, 제이제이데코"
358,A4-653,Almeria Ash,14-11089-117,소프트엠보 ,"목림,승은산업,건창기업,제이제이 데코 등"
359,B3-822,Almeria Ash,14-11089-117,UK,
360,B43-15,Almeria Ash,14-11089-122,목림246,목림
361,A3-426,Almeria Ash,14-11089-122,UK,목림
362,A3-737,Almeria Ash,14-11089-128,UK,목림
363,B45-674,Almeria Ash,14-11089-128,L,
364,B45-673,Almeria Ash,14-11089-130,L,
365,B3-83,Almeria Ash,14-11089-132,UK,목림
366,B45-515,Almeria Ash,14-11089-132,L,
367,B45-513,Almeria Ash,14-11089-133,L,
368,A3-925,Almeria Ash,14-11089-133,UK,목림
369,B3-313,Almeria Ash,14-11089-134,UK,목림
370,A3-304,Bornholm Ash,14-11096-001,UK,목림
371,B3-745,Bornholm Ash,14-11096-104,UK,
372,A3-815,Almeria Ash,14-11389-129,UK,목림
373,A3-816,Almeria Ash,14-11389-130,UK,목림
374,B45-866,Bornholm Esche,14-11397-100,L,
375,A3-515,Bornholm Esche,14-11397-100,UK,목림
376,A3-516,Moldau Acacia,14-12004-002,UK,목림
377,A39-731,Moldau Acacia,14-12004-003,TK,목림(유사 J)
378,A3-730,Moldau Acacia,14-12004-003,UK,목림
379,B3-210,Moldau Acacia,14-12004-004,UK,목림
380,A4-648,Moldau Acacia,14-12004-004,소프트엠보 ,"목림,승은산업,건창기업,제이제이 데코 등"
381,B25-623,Moldau Acacia,14-12004-180,J,
382,A3-517,Moldau Acacia,14-12004-180,UK,목림
383,A3-69,Moldau Acacia,14-12004-186,UK,목림
384,A3-518,Moldau Acacia,14-12004-205,UK,목림
385,A3-858,Moldau Acacia,14-12004-245,UK,목림
386,B59-555,Gran Sasso Chestnut,14-12025-104,LV,건창기업
387,B45-867,Gran Sasso Chestnut,14-12025-104,L,
388,B3-312,Gran Sasso Chestnut,14-12025-104,UK,목림
389,B45-621,Armagnac Ruster,14-12029-122,L,
390,A3-846,Armagnac Ruster,14-12029-122,UK,목림
391,A3-68,Armagnac Elm ,14-12029-134,UK,목림
392,A25-295,Armagnac Elm ,14-12029-134,J,건창기업(유사 TK)
393,B3-865,Taormina Elm,14-12037-001,UK,
394,A13-128,Taormina Elm,14-12037-003,IT,목림
395,B3-161,Taormina Elm,14-12037-003,UK,목림
396,A3-62,Olmo Fidia,14-12052-101,UK,목림
397,A3-77,Olmo Fidia Excl.,14-12052-117,UK,목림
398,A25-220,Olmo Fidia Excl.,14-12052-117,J,건창기업(유사 TK)
399,C45-89,Olmo Fidia Excl.,14-12052-117,L,
400,A3-396,Tribeca,14-12057-103,UK,목림
401,A3-153,Tribeca Elm,14-12057-110,UK,목림
402,B43-16,Tribeca,14-12057-114,목림246,목림
403,HF2-22,Tribeca,14-12057-114,NM,메라톤
404,A7-935,Tribeca,14-12057-114,민자,"목림,승은산업,건창기업,제이제이 데코 등"
405,A3-154,Tribeca,14-12057-114(동원광주현장은128확인必),UK,목림
406,A25-223,Saratoga Hickory,14-12059-003,J,건창기업(유사 TK)
407,A3-275,Saratoga Hickory,14-12059-003,UK,목림
408,A3-196,Kitami Elm,14-12073-002,UK,목림
409,A24-261,Morava Acacia,14-12080-002,QT,"목림,승은산업, 제이제이데코"
410,A3-247,Jackson Hickory,14-12081-001,UK,목림
411,A3-246,Ventura Chestnut,14-12089-001,UK,목림
412,B3-123,California Elm,14-12095-001,UK,목림
413,B3-124,California Elm,14-12095-003,UK,목림
414,B3-125,California Elm,14-12095-004,UK,목림
415,A3-380,Canyon Malibu Chestnut,14-12101-003,UK,목림
416,HF4-43,Canyon Malibu Chestnut,14-12101-003,BF,
417,B45-196,Canyon Malibu Chestnut,14-12101-003,L,건창기업
418,HF2-31,Canyon Padua Chestnut,14-12119-001,NM,메라톤
419,C45-108,Castagno Arona,14-12192-001,L,
420,B45-505,Catalonia Ruster Excl.,14-12302-106,L,
421,A3-366,Catalonia Ruster Excl.,14-12302-106,UK,목림
422,A39-594,Catalonia Ruster Excl.,14-12302-106,TK,목림(유사 J)
423,B45-506,Catalonia Ruster Excl.,14-12302-107,L,
424,B3-434,Catalonia Ruster Excl.,14-12302-107,UK,
425,HF3-33,Morava Acacia,14-12319-002,HR,메라톤
426,B45-512,Morava Acacia,14-12319-002,L,
427,B11-82,Castagno Carducci,14-12332-101,PM,"목림, 건창기업"
428,A4-650,Castagno Carducci,14-12332-101,소프트엠보 ,"목림,승은산업,건창기업,제이제이 데코 등"
429,A3-154(★동원광주),Tribeca,14-12357-128,UK,목림
430,A3-365,Saratoga Hickory ,14-12359-102,UK,목림
431,A3-519,Jackson Hickory,14-12382-100,UK,목림
432,A3-520,Inntal Buche,14-14002-186,UK,목림
433,A3-521,Mangfall Buche,14-14013-002,UK,목림
434,B3-212,Mangfall Beech,14-14013-136,UK,목림
435,A3-114,Ellmau Beech,14-14016-120,UK,목림
436,A12-129,Stromberge Maple,14-16011-002,LT,건창기업
437,A3-90,Sylvenstein Maple,14-16013-105,UK,목림
438,A4-651,Stralsund Maple,14-16017-001,소프트엠보 ,"목림,승은산업,건창기업,제이제이 데코 등"
439,A4-654,Montreal Maple,14-16020-003,소프트엠보 ,"목림,승은산업,건창기업,제이제이 데코 등"
440,A3-874,Seefeld Maple,14-16058-001,UK,목림
441,A4-655,Seefeld Maple,14-16058-001,소프트엠보 ,"목림,승은산업,건창기업,제이제이 데코 등"
442,B54-406,Seefeld Maple,14-16058-141,ST,승은산업
443,A3-522,Wyoming Maple CN,14-16316-105,UK,목림
444,B45-724,Wyoming Maple CN,14-16316-105,L,
445,A3-523,Wyoming Maple,14-16316-106,UK,목림
446,B45-462,Calgary,14-18008-005,L,
447,HF2-32,Canyon Eurasia Oak,14-18027-001,NM,메라톤
448,B45-464,Santa Cruz Eiche,14-18030-001,L,
449,HF2-29,Santa Cruz Eiche,14-18030-001,NM,메라톤
450,HF2-30,Santa Cruz Eiche,14-18030-005,NM,메라톤
451,HF2-28,Alpha Oak,14-18040-001,NM,메라톤
452,C45-39,LOIRE OAK,14-18050-001,L,
453,B45-843,LOIRE OAK,14-18050-002,L,
454,B45-852,LOIRE OAK,14-18050-004,L,
455,C45-118,Arles Oak,14-18085-001,L,
456,C45-35,Arles Oak,14-18085-02,L,
457,C45-40,Sardes Oak,14-18089-002,L,
458,C45-119,Sardes Oak,14-18089-005,L,
459,C45-36,MODENA OAK,14-18092-002,L,
460,C45-41,Canyon Skagen Oak,14-18117-003,L,
461,C45-42,Vinovo Eiche,14-18127-001,L,
462,B62-613,Karlstad Eiche Classic CN,14-18302-104,AK,목림
463,AA1-2,Arles Eiche II,14-18386-101,동조엠보,썬플러스
464,AA1-1,Modena Oak II,14-18394-106,동조엠보,썬플러스
465,B62-612,Canyon Daytona Oak,14-18927-001,AK,목림
466,B45-467,Canyon daytona oak,14-18927-001,L,
467,B62-614,Nassau Oak,14-18931-101,AK,목림
468,A3-524,Lyon Nussbaum,14-20003-002,UK,목림
469,AT-780,Walnut Lyon,14-20003-004,G+ 도장 (soft touch),크라텍
470,AC-775,Walnut Lyon,14-20003-004,M2 도장 (easy coating),크라텍
471,A4-656,Walnut Lyon,14-20003-004,소프트엠보 ,"목림,승은산업,건창기업,제이제이 데코 등"
472,A3-33,Walnut Lyon,14-20003-004,UK,목림
473,B45-362,Walnut Lyon,14-20003-004,L,건창기업
474,A3-525,Lyon Nussbaum,14-20003-143,UK,목림
475,A3-237,Walnut Lyon,14-20003-149,UK,목림
476,A4-647,Walnut Lyon,14-20003-149,소프트엠보 ,"목림,승은산업,건창기업,제이제이 데코 등"
477,B59-557,Walnut Lyon,14-20003-191,LV,건창기업
478,A3-64,Walnut Lyon,14-20003-191,UK,목림
479,B40-583,Walnut Lyon,14-20003-191,HM,
480,B7-584,Walnut Lyon,14-20003-191,민자,
481,B45-185,Walnut Lyon,14-20003-191,L,건창기업
482,A3-236,Wisconsin Walnut,14-20006-003,UK,목림
483,A4-657,Wisconsin Walnut,14-20006-003,소프트엠보 ,"목림,승은산업,건창기업,제이제이 데코 등"
484,A3-449,Noce Solista,14-20017-115,UK,목림
485,A39-725, Noce Solista ,14-20017-115,TK,목림(유사 J)
486,B3-213,Noce Sondrio,14-20027-001,UK,목림
487,C25-61,Springfield Walnut,14-20030-101,J,
488,A3-303,Springfield Walnut,14-20030-101,UK,목림
489,A4-658,Springfield Walnut,14-20030-101,소프트엠보 ,"목림,승은산업,건창기업,제이제이 데코 등"
490,B45-339,Springfield Walnut,14-20030-101,L,건창기업
491,A3-182,Noce Athena,14-20034-103,UK,목림
492,C59-84,Noce Athena,14-20034-103,LV,
493,B45-263,Noce Orvieto,14-20039-100,L,건창기업
494,A14-124,Satin Walnut,14-20042-002,WT,목림
495,A14-119,Satin Walnut,14-20042-102,WT,목림
496,A3-67,Noce Narciso,14-20065-105,UK,목림
497,A25-684,Noce Narciso,14-20065-105,J,건창기업(유사 TK)
498,A3-183,Noce Narciso,14-20065-114,UK,목림
499,A24-370,Noce Narciso,14-20065-125,QT,"목림,승은산업, 제이제이데코"
500,B43-14,Noce Narciso,14-20065-125,목림246,목림
501,A3-369,Noce Narciso,14-20065-125,UK,목림
502,A7-368,Noce Narciso,14-20065-125,민자,"목림,승은산업,건창기업,제이제이 데코 등"
503,A3-197,Noce Narciso,14-20065-137,UK,목림
504,A3-660,Virginia Walnut,14-20101-001,UK,목림
505,A3-526,Virginia Walnut,14-20101-120,UK,목림
506,A3-903,Virginia Walnut II,14-20103-173,UK,목림
507,HF1-17,Canyon Summer Walnut,14-20115-어두운톤,민자 (소프트엠보),메라톤
508,A3-843,Baltimore Walnut,14-20121-106,UK,
509,B45-272,Vanguard Walnut,14-20148-114,L,건창기업
510,B7-714,Vanguard Walnut,14-20148-114,민자,
511,B59-559,Vanguard Walnut,14-20148-114,LV,건창기업
512,A3-479,Vanguard Walnut,14-20148-114,UK,목림
513,A3-797,Vanguard Walnut,14-20148-115,UK,목림
514,B45-692,Vanguard Walnut,14-20148-115,L,
515,C3-74,Vanguard Walnut,14-20148-118,UK,목림
516,B59-556,Vanguard Walnut,14-20148-118,LV,건창기업
517,B62-611,Vanguard Walnurt,14-20148-118,AK,목림
518,A3-235,Noce Dozuki,14-20157-004,UK,목림
519,A3-59,Chiavenna Walnut,14-20177-001,UK,목림
520,B3-530,Altamira Walnut,14-20179-004,UK,
521,A3-527,Noce Moscato,14-20184-005,UK,목림
522,A3-302,Noce Moscato,14-20184-109,UK,목림
523,A3-150,Noce Moscato,14-20184-125,UK,목림
524,Z12-003,Columbia Walnut,14-20187-005,LT,건창기업
525,A4-659,Columbia Walnut,14-20187-005,소프트엠보 ,"목림,승은산업,건창기업,제이제이 데코 등"
526,B45-340,Columbia Walnut,14-20187-005,L,건창기업
527,A3-87,San Diego Butternut,14-20200-002,UK,목림
528,B45-360,San Diego Butternut,14-20200-002,L,건창기업
529,C59-86,San Diego Butternut,14-20200-002,LV,
530,A25-221,San Diego Butternut,14-20200-002,J,건창기업(유사 TK)
531,A25-222,San Diego Butternut,14-20200-003,J,건창기업(유사 TK)
532,A3-88,San Diego Butternut,14-20200-003,UK,목림
533,A3-488,Fairfield Walnut,14-20212-003,UK,목림
534,C45-5,Ravello Walnut,14-20305-125,L,건창
535,B25-905,Noce Athena ,14-20310-100,J,
536,B3-88,Noce Athena,14-20310-100,UK,목림
537,A3-456,Thebes Walnut excl. ,14-20375-100,UK,목림
538,A39-457,Thebes Walnut excl. ,14-20375-100,TK,목림(유사 J)
539,A3-458,Thebes Walnut excl.,14-20375-101,UK,목림
540,A39-459,Thebes Walnut excl.,14-20375-101,TK,목림(유사 J)
541,A3-460,Thebes Walnut excl.,14-20375-102,UK,목림
542,B45-43,Thebes Walnut excl.,14-20375-102,L,건창기업
543,A39-461,Thebes Walnut excl.,14-20375-102,TK,목림(유사 J)
544,B45-44,Thebes Walnut excl.,14-20375-103,L,건창기업
545,B59-549,Thebes Walnut excl.,14-20375-103,LV,건창기업
546,A3-502,Thebes Walnut excl,14-20375-103,UK,목림
547,B7-504,Thebes Walnut excl,14-20375-103,민자,
548,A39-774,Thebes Walnut excl,14-20375-103,TK,목림(유사 J)
549,B3-847,Thebes Walnut excl.,14-20375-114,UK,
550,A3-629,Maryland Walnut CN,14-20378-101,UK,목림
551,B45-45,Maryland Walnut CN,14-20378-101,L,건창기업
552,A3-528,Columbia Nussbaum,14-20387-005,UK,목림
553,A3-34,Columbia Walnut,14-20387-100,UK,목림
554,A25-685,Columbia Walnut,14-20387-100,J,건창기업(유사 TK)
555,B7-713,Columbia Walnut,14-20387-100,민자,
556,C59-81,Columbia Walnut,14-20387-100,LV,
557,C12-34,Columbia Walnut,14-20387-100,LT,
558,B45-46,Columbia Walnut,14-20387-100,L,건창기업
559,C45-120,Ravello Walnut,14-20403-001,L,
560,C45-123,Ravello Walnut,14-20403-003,L,
561,C45-37,Ravello Walnut,14-20403-004,L,
562,C45-121,Ravello Walnut,14-20403-005,L,
563,C45-43,ORLANDO WALNUT,14-20409-002,L,
564,C45-122,Bellinzona Walnut,14-20419-001,L,
565,A3-115,Planked Natural Walnut,14-20933-105,UK,목림
566,B3-309,Cherry Tennessee,14-21013-조색11,UK,목림
567,B7-308,Cherry Tennessee,14-21013-조색11,민자,
568,B3-307,Cherry Tennessee,14-21013-조색7,UK,목림
569,B7-306,Cherry Tennessee,14-21013-조색7,민자,
570,A14-123,Memphis Cherry,14-21018-001,WT,목림
571,A14-121,Canyon Historic Cherry,14-21034-104,WT,목림
572,A24-262,Ascona Cherry,14-21047-104,QT,"목림,승은산업, 제이제이데코"
573,B53-400,Nabucco Cherry transv.,14-21106-011,HS-1,승은산업
574,A3-61,Nabucco Cherry,14-21117-001,UK,목림
575,A3-673,Nabucco Cherry,14-21117-105,UK,목림
576,A3-388,Yalta Cherry excl. CN,14-21312-101,UK,목림
577,A3-389,Yalta Cherry excl. CN,14-21312-110,UK,목림
578,B3-211,Lindau Pear,14-22002-110,UK,목림
579,A3-462,Indian Apple,14-22022-107,UK,목림
580,A3-751,Indian Apple,14-22022-112,UK,목림
581,B3-63,Astoria Plum,14-22028-002,UK,목림
582,A3-151,Pear Aarau,14-22035-100,UK,목림
583,A3-567,Wallis Plum,14-22037-144,UK,목림
584,A3-450,Wallis Plum,14-22037-235,UK,목림
585,A39-455,Wallis Plum,14-22037-235,TK,목림(유사 J)
586,A3-143,Wallis Plum,14-22037-238,UK,목림
587,A7-144,Wallis Plum,14-22037-238,민자,"목림,승은산업,건창기업,제이제이 데코 등"
588,A39-727,Wallis Plum,14-22037-244,TK,목림(유사 J)
589,A3-726,Wallis Plum,14-22037-244,UK,목림
590,A3-475,Wallis Plum,14-22037-250,UK,목림
591,A39-476,Wallis Plum,14-22037-250,TK,목림(유사 J)
592,B3-234,Wallis Plum,14-22037-257,UK,목림
593,B45-787,Calvi Apple,14-22039-004,L,
594,A3-185,Calvi Apple,14-22039-004,UK,목림
595,B45-507,Calvi Apple,14-22039-121,L,
596,A24-363,Calvi Apple,14-22039-121,QT,"목림,승은산업, 제이제이데코"
597,A39-489,Calvi Apple,14-22039-121,TK,목림(유사 J)
598,A3-362,Calvi Apple,14-22039-121,UK,목림
599,B45-540,Planked Natural Merbau,14-23010-102,L,
600,B3-214,Planked Natural Merbau,14-23010-102,UK,
601,B3-215,Nairobi Wenge,14-23012-109,UK,목림
602,T45-438,Arusha Wenge,14-23057-004,L,건창기업
603,A3-186,Arusha Wenge,14-23057-004,UK,목림
604,A3-162,Sunda Ebony,14-23064-003,UK,목림
605,A25-680,Acajou,14-23083-109,J,건창기업(유사 TK)
606,A3-448,Acajou,14-23083-109,UK,목림
607,A3-529,Carolina Wenge,14-23089-100,UK,목림
608,C45-44,Siwa,14-23106-001,L,
609,B54-404,Rio Palisander,14-24005-102,ST,승은산업
610,A39-716,Rio Palisander,14-24005-102,TK,목림(유사 J)
611,A3-60,Rio Palisander,14-24005-102,UK,목림
612,B45-184,Rio Palisander,14-24005-102,L,건창기업
613,A24-141,Rio Palisander,14-24005-102,QT,"목림,승은산업, 제이제이데코"
614,A3-717,Vintage Teak,14-24006-105,UK,목림
615,B45-341,Vintage Teak,14-24006-105,L,건창기업
616,A7-718,Vintage Teak,14-24006-105,민자,"목림,승은산업,건창기업,제이제이 데코 등"
617,B43-17,Vintage Teak,14-24006-105,목림246,목림
618,B3-302,Siam teak,14-24008-110,UK,목림
619,A3-605,Kandy Jacaranda,14-24009-106,UK,목림
620,A25-681,Palau Teak ,14-24029-110,J,건창기업(유사 TK)
621,B25-294,Palau Teak ,14-24029-110,J,건창기업(유사 TK)
622,A3-378,Palau Teak,14-24029-110,UK,목림
623,B43-18,Palau Teak,14-24029-110,목림246,목림
624,A3-930,Palau Teak,14-24029-111,UK,목림
625,B45-927,Palau Teak,14-24029-111,L,
626,A39-578,Palau Teak,14-24029-111,TK,목림(유사 J)
627,A3-309,Sumba Palisander,14-24053-101,UK,목림
628,A25-686,Sumba Palisander,14-24053-101,J,건창기업(유사 TK)
629,B45-361,Sumba Palisander,14-24053-101,L,건창기업
630,A3-35,Teak Select Smartboard,14-24087-103,UK,목림
631,A3-530,Bengali Mango,14-24339-101,UK,목림
632,A14-127,Agora,14-26007-104,WT,목림
633,A24-408,Linewood,14-26022-111,QT,"목림,승은산업, 제이제이데코"
634,A3-407,Linewood,14-26022-111,UK,목림
635,A14-122,Linewood,14-26022-111,WT,목림
636,B3-65,Canyon Bamboo ,14-26030-003,UK,목림
637,B3-66,Canyon Bamboo ,14-26030-004,UK,목림
638,B3-115,Frost Pine,14-26087-003,UK,목림
639,B39-90,Black Glow,14-26098-004,TK,목림(유사 J)
640,A3-618,Fineline CN,14-26312-129,UK,목림
641,A3-531,Fineline CN,14-26312-130,UK,목림
642,A36-406,Platin,14-50009-135,CH,청림보드(인터플러스 경면)
643,A7-189,Platin,14-50009-135,민자,"목림,승은산업,건창기업,제이제이 데코 등"
644,A34-188,Platin,14-50009-135,TI,건창기업
645,B35-230,Platin,14-50009-135,SJ1,청림보드 (성지라미텍 경면)
646,A34-270,Strichlack,14-50013-135,TI,건창기업 
647,A36-405,Strichlack,14-50013-138,CH,청림보드(인터플러스 경면)
648,A34-271,Strichlack,14-50013-138,TI,건창기업
649,A8-36,Strichlack,14-50013-138,FB,목림
650,A11-132,Rainbow,14-50033-002,PM,"목림, 건창기업"
651,A38-427,Nevada,14-50043-105,PNS,목림(피앤데코 경면) / 엇결
652,B4-533,Nevada,14-50043-105,소프트엠보,
653,B4-534,Nevada,14-50043-106,소프트엠보,
654,A38-419,Nevada,14-50043-106,PNS,목림(피앤데코 경면) / 엇결
655,A38-420,Nevada,14-50043-107,PNS,목림(피앤데코 경면) / 엇결
656,A38-421,Nevada,14-50043-108,PNS,목림(피앤데코 경면) / 엇결
657,A38-422,Nevada,14-50043-110,PNS,목림(피앤데코 경면) / 엇결
658,B40-251,Nevada,14-50043-110,HM,목림(유사 SM)
659,A36-443,Titan,14-50046-105,CH,청림보드(인터플러스 경면)
660,B7-298,Titan,14-50046-105,민자,"목림,승은산업,건창기업,제이제이 데코 등"
661,B35-231,Titan,14-50046-105,SJ1,청림보드 (성지라미텍 경면)
662,A2-11,Titan,14-50046-105,CR,목림
663,A34-190,Titan,14-50046-105,TI,건창기업
664,B7-69,Titan,14-50046-106,민자,"목림,승은산업,건창기업,제이제이 데코 등"
665,A36-451,Titan,14-50046-106,CH,청림보드(인터플러스 경면)
666,A2-12,Titan,14-50046-106,CR,목림
667,A34-267,Titan,14-50046-106,TI,건창기업
668,A2-13,Titan,14-50046-107,CR,목림
669,A36-375,Titan,14-50046-107,CH,청림보드(인터플러스 경면)
670,B35-232,Titan,14-50046-107,SJ1,청림보드 (성지라미텍 경면)
671,A34-265,Titan,14-50046-107,TI,건창기업
672,B7-70,Titan,14-50046-107,민자,"목림,승은산업,건창기업,제이제이 데코 등"
673,A2-14,Titan,14-50046-108,CR,목림
674,B7-71,Titan,14-50046-108,민자,"목림,승은산업,건창기업,제이제이 데코 등"
675,A36-376,Titan,14-50046-108,CH,청림보드(인터플러스 경면)
676,A34-266,Titan,14-50046-108,TI,건창기업
677,A35-340,Matera,14-50056-002,SJ1,청림보드 (성지라미텍 경면)
678,A16-203,Matera,14-50056-002,SM,"승은산업,건창기업(유사 HM)"
679,B45-465,Lamella,14-50085-002,L,
680,C59-106,Lamella,14-50085-002,LV,
681,B8-310,Polo,14-51341-106,FB,목림
682,A34-391,Clou Negativ,14-53010-108,TI,건창기업
683,A16-719,Clou Negativ,14-53010-108,SM,"승은산업,건창기업(유사 HM)"
684,A34-191,Clou Negativ,14-53010-117,TI,건창기업
685,A2-134,Clou Negativ,14-53010-117,CR,목림
686,B37-617,Rigoletto,14-54001-005,VS,
687,C65-19,Rigoletto,14-54001-005,K,승은산업
688,B56-471,Rigoletto,14-54001-005,DP,승은산업
689,B56-493,Rigoletto,14-54001-006,DP,승은산업
690,B40-536,Rigoletto,14-54001-110,HM,
691,C37-100,Rigoletto,14-54001-110,VS,
692,A1-398,Green Oasis,14-54012-002,CT,목림
693,A35-371,Green Oasis,14-54012-002,SJ1,청림보드 (성지라미텍 경면)
694,A37-402,Green Oasis,14-54012-002,VS,청림보드(인터플러스 경면)
695,A35-400,Green Oasis,14-54012-103,SJ1,청림보드 (성지라미텍 경면)
696,A1-399,Green Oasis,14-54012-103,CT,목림
697,A37-401,Green Oasis,14-54012-103,VS,청림보드(인터플러스 경면)
698,A40-738,Green Oasis,14-54012-103,HM,목림(유사 SM)
699,A35-311,Alhambra,14-54018-004,SJ1,청림보드 (성지라미텍 경면)
700,B46-587,Alhambra,14-54018-104,NS,
701,A35-312,Alhambra,14-54018-104,SJ1,청림보드 (성지라미텍 경면)
702,B55-407,Alhambra,14-54018-104,MM,승은산업
703,B37-160,Alhambra,14-54018-104,VS,청림보드(인터플러스 경면)
704,B46-588,Alhambra,14-54018-134,NS,
705,A1-732,Alhambra,14-54018-134,CT,목림
706,A35-733,Alhambra,14-54018-134,SJ1,청림보드 (성지라미텍 경면)
707,A16-723,Alhambra,14-54018-134,SM,"승은산업,건창기업(유사 HM)"
708,A37-734,Alhambra,14-54018-134,VS,청림보드(인터플러스 경면)
709,C65-29,Alhambra,14-54018-136,K,승은산업
710,B16-578,Alhambra,14-54018-136,SM,
711,B37-304,Alhambra,14-54018-136,VS,청림보드(인터플러스 경면)
712,B46-590,Alhambra,14-54018-136,NS,
713,C65-30,Alhambra,14-54018-137,K,승은산업
714,B35-459,Alhambra,14-54018-137,SJ1,
715,B16-291,Alhambra,14-54018-조색1,SM,"승은산업,건창기업(유사 HM)"
716,B37-490,Alhambra,14-54018-조색1,VS,
717,B37-380,Alhambra,14-54018-조색3,VS,청림보드(인터플러스 경면)
718,A35-313,Raw Steel,14-54020-003,SJ1,청림보드 (성지라미텍 경면)
719,A1-178,Raw Steel,14-54020-003,CT,목림
720,A40-696,Valongo,14-54031-109,HM,목림(유사 SM)
721,A37-697,Valongo,14-54031-109,VS,청림보드(인터플러스 경면)
722,A35-711,Valongo,14-54031-109,SJ1,청림보드 (성지라미텍 경면)
723,A37-699,Valongo,14-54031-110,VS,청림보드(인터플러스 경면)
724,B46-367,Valongo,14-54031-110,NS,건창기업
725,A40-698,Valongo,14-54031-110,HM,목림(유사 SM)
726,A35-712,Valongo,14-54031-110,SJ1,청림보드 (성지라미텍 경면)
727,A35-713,Valongo,14-54031-111,SJ1,청림보드 (성지라미텍 경면)
728,A37-701,Valongo,14-54031-111,VS,청림보드(인터플러스 경면)
729,B16-519,Valongo,14-54031-111,SM,
730,A40-700,Valongo,14-54031-111,HM,목림(유사 SM)
731,A40-702,Valongo,14-54031-112,HM,목림(유사 SM)
732,B16-520,Valongo,14-54031-112,SM,
733,A37-703,Valongo,14-54031-112,VS,청림보드(인터플러스 경면)
734,A35-714,Valongo,14-54031-112,SJ1,청림보드 (성지라미텍 경면)
735,B37-531,Valongo,14-54031-113,VS,
736,B16-694,Valongo ,14-54031-113,SM,
737,B37-532,Valongo,14-54031-122,VS,
738,B16-693,Valongo ,14-54031-122,SM,
739,B35-872,Travertin,14-54034-127,SJ1,
740,B56-730,Travertin,14-54034-127,DP,승은산업
741,B16-57,Travertin,14-54034-999,SM,"승은산업,건창기업(유사 HM)"
742,A35-314,Salome,14-54041-108,SJ1,청림보드 (성지라미텍 경면)
743,A41-805,Salome,14-54041-108,DP3,프린테크IM
744,A16-663,Salome,14-54041-108,SM,"승은산업,건창기업(유사 HM)"
745,B46-544,Salome,14-54041-108,NS,
746,A1-135,Salome,14-54041-108,CT,목림
747,A15-381,Salome,14-54041-108,FT,목림
748,B46-545,Salome,14-54041-174,NS,
749,A10-42,Salome,14-54041-174,DS,목림
750,A40-828,Salome,14-54041-174,HM,목림(유사 SM)
751,A1-454,Salome,14-54041-174,CT,목림
752,A35-315,Salome,14-54041-174,SJ1,청림보드 (성지라미텍 경면)
753,B46-716,Bonito,14-54042-011,NS,
754,A1-453,Bonito,14-54042-011,CT,목림
755,A35-316,Bonito,14-54042-011,SJ1,청림보드 (성지라미텍 경면)
756,A11-46,Bonito,14-54042-011,PM,"목림, 건창기업"
757,A9-40,FIORDIPELLE,14-54046-003,CL,목림
758,A42-807,FIORDIPELLE,14-54046-003,LE1,프린테크
759,B50-390,Fiordipelle,14-54046-003,CS,건창기업
760,A6-55,Fiordipelle,14-54046-003,무광,"목림,승은산업,건창기업,제이제이 데코 등"
761,B40-489,Fiordipelle,14-54046-003,HM,
762,A1-65,Fiordipelle,14-54046-003,CT,목림
763,A26-97,Twist,14-54056-002,T,건창기업
764,A8-38,Twist,14-54056-002,FB,목림
765,B40-55,Twist,14-54056-122,SM,"승은산업,건창기업(유사 HM)"
766,A8-591,Twist,14-54056-122,FB,목림
767,B44-315,Twist,14-54056-123,목림273,목림
768,A8-872,Twist,14-54056-123,FB,목림
769,B44-316,Twist,14-54056-124,목림273,목림
770,A8-873,Twist,14-54056-124,FB,목림
771,A8-39,Twist,14-54056-126,FB,목림
772,B44-27,Twist,14-54056-126,목림273,목림
773,B40-56,Twist,14-54056-126,SM,"승은산업,건창기업(유사 HM)"
774,A4-532,Twist,14-54056-138,소프트엠보,"목림,승은산업,건창기업,제이제이 데코 등"
775,A4-533,Twist,14-54056-156,소프트엠보,"목림,승은산업,건창기업,제이제이 데코 등"
776,B26-907,Twist,14-54056-187,T,
777,B16-906,Twist,14-54056-187,SM,
778,B7-808,Twist,14-54056-187,민자,
779,A4-534,Twist,14-54056-187,소프트엠보,"목림,승은산업,건창기업,제이제이 데코 등"
780,A4-535,Twist,14-54056-189,소프트엠보,"목림,승은산업,건창기업,제이제이 데코 등"
781,A4-536,Twist,14-54056-336,소프트엠보,"목림,승은산업,건창기업,제이제이 데코 등"
782,B8-524,Twist,14-54056-390,FB,
783,B16-916,Twist,14-54056-390,SM,
784,B46-335,Statuario Venato,14-54060-002,NS,건창기업
785,A35-553,Statuario Venato,14-54060-002,SJ1,청림보드 (성지라미텍 경면)
786,A7-177,Statuario Venato,14-54060-002,민자,"목림,승은산업,건창기업,제이제이 데코 등"
787,A40-616,Statuario Venato,14-54060-002,HM,목림(유사 SM)
788,A1-80,Statuario Venato,14-54060-002,CT,목림
789,C7-56,Statuario Venato,14-54060-117,민자,
790,B40-784,Statuario Venato,14-54060-117,HM,
791,B46-126,Grace Stone,14-54063-100,NS,건창기업
792,B16-159,Grace Stone,14-54063-103,SM,"승은산업,건창기업(유사 HM)"
793,B46-382,Grace Stone,14-54063-103,NS,건창기업
794,C37-73,Grace Stone,14-54063-103,VS,
795,B46-698,Mandu Slate,14-54066-005,NS,
796,A35-293,Veneziano,14-54067-104,SJ1,청림보드 (성지라미텍 경면)
797,B46-777,Veneziano,14-54067-104,NS,
798,B40-208,Sierra,14-54069-131,HM,목림(유사 SM)
799,A1-168,Vesuv,14-54078-001,CT,목림
800,B46-236,Vesu,14-54078-001,NS,건창기업
801,A16-160,Vesuv,14-54078-001,SM,"승은산업,건창기업(유사 HM)"
802,A35-317,Vesuv,14-54078-001,SJ1,청림보드 (성지라미텍 경면)
803,A33-84,Vesuv,14-54078-001,2337TDN,프린테크IM
804,A16-202,Vesuv,14-54078-004,SM,"승은산업,건창기업(유사 HM)"
805,A37-437,Vesuv,14-54078-004,VS,청림보드(인터플러스 경면)
806,A33-85,Vesuv,14-54078-004,2337TDN,프린테크IM
807,A7-57,Vesuv,14-54078-004,민자,"목림,승은산업,건창기업,제이제이 데코 등"
808,A1-92,Vesuv,14-54078-004,CT,목림
809,A35-318,Vesuv,14-54078-004,SJ1,청림보드 (성지라미텍 경면)
810,A15-58,Vesuv,14-54078-004,FT,목림
811,A10-43,Vesuv,14-54078-122,DS,목림
812,B51-237,Vesuv,14-54078-122,SJ1,청림보드 (성지라미텍 경면)
813,A40-829,Vesuv,14-54078-122,HM,목림(유사 SM)
814,C35-55,Colosseo,14-54079-101,SJ1,
815,B40-153,Colosseo,14-54079-101,HM,목림(유사 SM)
816,A15-167,Colosseo,14-54079-101,FT,목림
817,B35-871,Colosseo,14-54079-102,SJ1,
818,B56-659,Colosseo,14-54079-102,DP,승은산업
819,B40-154,Colosseo,14-54079-102,HM,목림(유사 SM)
820,B46-319,Colosseo,14-54079-102,NS,건창기업
821,B56-718,Colosseo,14-54079-102(중복),DP,승은산업
822,B56-717,Colosseo,14-54079-105,DP,승은산업
823,B40-155,Colosseo,14-54079-105,HM,목림(유사 SM)
824,C35-124,Colosseo,14-54079-105,SJ1,
825,B46-368,Colosseo,14-54079-105,NS,건창기업
826,B37-811,Colosseo,14-54079-107,VS,
827,A16-662,Colosseo,14-54079-107,SM,"승은산업,건창기업(유사 HM)"
828,A35-319,Colosseo,14-54079-107,SJ1,청림보드 (성지라미텍 경면)
829,A1-194,Colosseo,14-54079-107,CT,목림
830,B56-504,Colosseo,14-54079-107,DP,승은산업
831,B56-505,Colosseo,14-54079-110,DP,승은산업
832,B37-430,Colosseo,14-54079-110,VS,청림보드(인터플러스 경면)
833,A40-844,Colosseo,14-54079-110,HM,목림(유사 SM)
834,B46-494,Colosseo,14-54079-110,NS,
835,B35-129,Colosseo,14-54079-110,SJ1,청림보드 (성지라미텍 경면)
836,B40-332,Colosseo,14-54079-111,HM,목림(유사 SM)
837,B56-470,Colosseo,14-54079-111,DP,승은산업
838,B49-172,Vesuv,14-54079-L217297/10,GRT,한솔
839,B46-101,Mercurio,14-54086-006,NS,건창기업
840,B31-50,Yes,14-54097-107,F,건창기업
841,A8-37,Yes,14-54097-107,FB,목림
842,B44-28,Yes,14-54097-107,목림273,목림
843,A10-44,Solino,14-54098-004,DS,목림
844,A1-152,Solino,14-54098-004,CT,목림
845,A35-320,Solino,14-54098-004,SJ1,청림보드 (성지라미텍 경면)
846,B37-875,Solino,14-54098-004,VS,
847,A9-41,Solino,14-54098-005,CL,목림
848,B16-455,Solino,14-54098-005,SM,
849,A35-321,Solino,14-54098-005,SJ1,청림보드 (성지라미텍 경면)
850,A1-397,Solino,14-54098-005,CT,목림
851,A40-830,Solino,14-54098-005,HM,목림(유사 SM)
852,A37-926,Solino,14-54098-005,VS,청림보드(인터플러스 경면)
853,B16-456,Solino,14-54098-136,SM,
854,B37-876,Solino,14-54098-136,VS,
855,A35-322,Solino,14-54098-136,SJ1,청림보드 (성지라미텍 경면)
856,A1-170,Solino,14-54098-136,CT,목림
857,B37-877,Solino,14-54098-139,VS,
858,B40-199,Solino,14-54098-139,HM,목림(유사 SM)
859,B40-200,Solino,14-54098-140,HM,목림(유사 SM)
860,B35-443,Solino,14-54098-140,SJ1,
861,B37-326,Solino,14-54098-140,VS,청림보드(인터플러스 경면)
862,B46-325,Solino,14-54098-140,NS,건창기업
863,A1-841,Solino,14-54098-141,CT,목림 
864,B35-331,Solino,14-54098-141,SJ1,
865,B56-634,Solino,14-54098-141,DP,승은산업
866,B37-327,Solino,14-54098-141,VS,청림보드(인터플러스 경면)
867,B46-320,Solino,14-54098-141,NS,건창기업
868,B40-201,Solino,14-54098-141,HM,목림(유사 SM)
869,A35-324,Sahara,14-54099-001,SJ1,청림보드 (성지라미텍 경면)
870,A37-434,Sahara,14-54099-001,VS,청림보드(인터플러스 경면)
871,A1-250,Sahara,14-54099-001,CT,목림
872,A40-904,Sahara,14-54099-001,HM,목림(유사 SM)
873,A35-325,Sahara,14-54099-002,SJ1,청림보드 (성지라미텍 경면)
874,A1-251,Sahara,14-54099-002,CT,목림
875,A35-326,Loft,14-54103-001,SJ1,청림보드 (성지라미텍 경면)
876,A1-452,Loft,14-54103-001,CT,목림
877,A16-724,Loft,14-54103-127,SM,"승은산업,건창기업(유사 HM)"
878,A40-798,Loft,14-54103-127,HM,목림(유사 SM)
879,C65-18,Loft,14-54103-127,K,승은산업
880,A1-735,Loft,14-54103-127,CT,목림
881,A35-736,Loft,14-54103-127,SJ1,청림보드 (성지라미텍 경면)
882,B16-526,Batian,14-54104-001,SM,
883,B40-537,Batian,14-54104-102,HM,
884,A1-252,Loft,14-54109-001,CT,목림
885,A40-831,Bronzite,14-54109-101,HM,목림(유사 SM)
886,A35-621,Bronzite,14-54109-101,SJ1,청림보드 (성지라미텍 경면)
887,B16-122,Bronzite,14-54109-103,SM,"승은산업,건창기업(유사 HM)"
888,A35-327,Bronzite,14-54109-103,SJ1,청림보드 (성지라미텍 경면)
889,A11-47,Bronzite,14-54109-103,PM,"목림, 건창기업"
890,A1-137,Bronzite,14-54109-103,CT,목림
891,B37-75,Bronzite,14-54109-103,VS,청림보드(인터플러스 경면)
892,B46-265,Bronzite,14-54109-103,NS,건창기업
893,A16-664,Bronzite,14-54109-105,SM,"승은산업,건창기업(유사 HM)"
894,A1-432,Bronzite,14-54109-105,CT,목림
895,A10-604,Bronzite,14-54109-105,DS,목림
896,A35-328,Bronzite,14-54109-105,SJ1,청림보드 (성지라미텍 경면)
897,B46-269,Bronzite,14-54109-106,NS,건창기업
898,B1-271,Bronzite,14-54109-106,CT,목림
899,B40-270,Bronzite,14-54109-106,HM,목림(유사 SM)
900,B35-111,Bronzite,14-54109-106,SJ1,청림보드 (성지라미텍 경면)
901,A1-79,Oriental Brown,14-54115-005,CT,목림
902,A37-416,Oriental Brown,14-54115-005,VS,청림보드(인터플러스 경면)
903,B46-173,Oriental Brown,14-54115-005,NS,건창기업
904,A35-329,Oriental Brown,14-54115-005,SJ1,청림보드 (성지라미텍 경면)
905,A4-787,Versilia,14-54120-010,소프트엠보,"목림,승은산업,건창기업,제이제이 데코 등"
906,B46-336,Versilia,14-54120-010,NS,건창기업
907,A11-48,Versilia,14-54120-010,PM,"목림, 건창기업"
908,A16-430,Versilia,14-54120-010,SM,"승은산업,건창기업(유사 HM)"
909,A35-429,Versilia,14-54120-010,SJ1,청림보드 (성지라미텍 경면)
910,A7-428,Versilia,14-54120-010,민자,"목림,승은산업,건창기업,제이제이 데코 등"
911,A1-7,Versilia,14-54120-010,CT,목림
912,A11-112,Versilia,14-54120-010,PM,"목림, 건창기업"
913,C40-52,Versilia,14-54120-101,HM,
914,C7-49,Versilia,14-54120-101,민자,
915,B46-548,Versilia,14-54120-101,NS,
916,B37-810,Versilia,14-54120-101,VS,
917,B35-846,Versilia,14-54120-101,SJ1,
918,A4-689,Pinara,14-54122-005,소프트엠보 ,"목림,승은산업,건창기업,제이제이 데코 등"
919,A1-10,Pinara,14-54122-005,CT,목림
920,A40-669,Pinara,14-54122-005,HM,목림(유사 SM)
921,B35-229,Pinara,14-54122-005,SJ1,청림보드 (성지라미텍 경면)
922,B40-158,Pinara,14-54122-006,HM,목림(유사 SM)
923,B37-6,Pinara,14-54122-006,VS,청림보드(인터플러스 경면)
924,A35-330,Pinara,14-54122-006,SJ1,청림보드 (성지라미텍 경면)
925,A10-45,Pinara,14-54122-006,DS,목림
926,A1-358,Pinara,14-54122-006,CT,목림
927,B46-219,Pinara,14-54122-006,NS,건창기업
928,A1-81,Torano,14-54124-001,CT,목림
929,A15-382,Torano,14-54124-001,FT,목림
930,A16-205,Torano,14-54124-001,SM,"승은산업,건창기업(유사 HM)"
931,A35-331,Torano,14-54124-001,SJ1,청림보드 (성지라미텍 경면)
932,A1-82,Torano,14-54124-111,CT,목림
933,A16-206,Torano,14-54124-111,SM,"승은산업,건창기업(유사 HM)"
934,A35-332,Torano,14-54124-111,SJ1,청림보드 (성지라미텍 경면)
935,B37-74,Torano,14-54124-111,VS,청림보드(인터플러스 경면)
936,A16-569,Greystone,14-54130-000,SM,"승은산업,건창기업(유사 HM)"
937,A35-258,Greystone,14-54130-001,SJ1,청림보드 (성지라미텍 경면)
938,C65-31,Greystone,14-54130-001,K,승은산업
939,A16-204,Greystone,14-54130-001,SM,"승은산업,건창기업(유사 HM)"
940,C3-110,Greystone,14-54130-001,UK,
941,B46-182,Greystone,14-54130-001,NS,건창기업
942,A1-5,Greystone,14-54130-001,CT,목림
943,A15-166,Greystone,14-54130-001,FT,목림
944,A37-634,Greystone,14-54130-001,VS,청림보드(인터플러스 경면)
945,A40-799,Greystone,14-54130-001,HM,목림(유사 SM)
946,C40-8,Greystone,14-54130-002,HM,목림(유사 SM)
947,B46-268,Greystone,14-54130-112,NS,건창기업
948,A35-333,Greystone,14-54130-112,SJ1,청림보드 (성지라미텍 경면)
949,A15-383,Greystone,14-54130-112,FT,목림
950,A1-6,Greystone,14-54130-112,CT,목림
951,A16-633,Greystone,14-54130-112,SM,"승은산업,건창기업(유사 HM)"
952,B37-280,Greystone,14-54130-112,VS,청림보드(인터플러스 경면)
953,A11-49,Greystone,14-54130-112,PM,"목림, 건창기업"
954,A37-439,Greystone,14-54130-128,VS,청림보드(인터플러스 경면)
955,B46-183,Greystone,14-54130-128,NS,건창기업
956,C3-111,Greystone,14-54130-128,UK,
957,A16-155,Greystone,14-54130-128,SM,"승은산업,건창기업(유사 HM)"
958,A1-139,Greystone,14-54130-128,CT,목림
959,A35-334,Greystone,14-54130-128,SJ1,청림보드 (성지라미텍 경면)
960,A35-827,Paladina,14-54131-001,SJ1,청림보드 (성지라미텍 경면)
961,B46-174,Paladina,14-54131-001,NS,건창기업
962,B37-157,Paladina,14-54131-001,VS,청림보드(인터플러스 경면)
963,A40-768,Paladina,14-54131-001,HM,목림(유사 SM)
964,A1-193,Paladina,14-54131-002,CT,목림
965,A35-373,Paladina,14-54131-002,SJ1,청림보드 (성지라미텍 경면)
966,A7-483,Paladina,14-54131-002,민자,"목림,승은산업,건창기업,제이제이 데코 등"
967,A15-482,Paladina,14-54131-002,FT,목림
968,B16-135,Paladina,14-54131-002,SM,"승은산업,건창기업(유사 HM)"
969,A37-411,Paladina,14-54131-002,VS,청림보드(인터플러스 경면)
970,B46-175,Paladina,14-54131-002,NS,건창기업
971,B41-59,Paladina,14-54131-002,DP3,프린테크IM
972,A1-641,Paladina,14-54131-002 ,CT,목림
973,A35-412,Paladina,14-54131-002(중복),SJ1,청림보드 (성지라미텍 경면)
974,B40-547,Paladina,14-54131-조색3,HM,
975,A4-688,Uptown,14-54138-001,소프트엠보 ,"목림,승은산업,건창기업,제이제이 데코 등"
976,A35-335,Uptown,14-54138-001,SJ1,청림보드 (성지라미텍 경면)
977,A16-156,Uptown,14-54138-001,SM,"승은산업,건창기업(유사 HM)"
978,A37-436,Uptown,14-54138-001,VS,청림보드(인터플러스 경면)
979,A1-3,Uptown,14-54138-001,CT,목림
980,A33-86,Uptown,14-54138-001,2337TDN,프린테크IM
981,A37-435,Uptown,14-54138-105,VS,청림보드(인터플러스 경면)
982,A16-159,Uptown,14-54138-105,SM,"승은산업,건창기업(유사 HM)"
983,A7-431,Uptown ,14-54138-105,민자,"목림,승은산업,건창기업,제이제이 데코 등"
984,A1-4,Uptown,14-54138-105,CT,목림
985,B42-488,Uptown,14-54138-105,LE1,
986,A35-244,Uptown,14-54138-105,SJ1,청림보드 (성지라미텍 경면)
987,B56-411,Uptown,14-54138-120,DP,승은산업
988,A37-752,Uptown,14-54138-120,VS,청림보드(인터플러스 경면)
989,A40-791,Uptown,14-54138-120,HM,목림(유사 SM)
990,B37-918,Uptown,14-54138-122,VS,
991,B56-412,Uptown,14-54138-122,DP,승은산업
992,B40-369,Uptown,14-54138-122,HM,목림(유사 SM)
993,B46-178,Uptown,14-54138-122,NS,건창기업
994,B35-440,Uptown,14-54138-122,SJ1,청림보드 (성지라미텍 경면)
995,B16-723,Uptown,14-54138-123,SM,
996,B46-179,Uptown,14-54138-123,NS,건창기업
997,B37-112,Uptown,14-54138-123,VS,청림보드(인터플러스 경면)
998,B16-156,Nuvolento,14-54143-103,SM,"승은산업,건창기업(유사 HM)"
999,A11-209,Nuvolento,14-54143-103,PM,"목림, 건창기업"
1000,A35-338,Nuvolento,14-54143-103,SJ1,청림보드 (성지라미텍 경면)
1001,A1-138,Nuvolento,14-54143-103,CT,목림
1002,A41-803,Nuvolento,14-54143-103,DP3,프린테크IM
1003,B35-699,Teramo,14-54145-109,SJ1,청림보드(인터플러스 경면)
1004,B55-409,Teramo,14-54145-109,MM,승은산업
1005,B46-426,Teramo,14-54145-109,NS,건창기업
1006,B37-829,Teramo,14-54145-109,VS,
1007,B40-375,Teramo,14-54145-109,HM,목림(유사 SM)
1008,B46-133,Gypsos,14-54149-002,NS,건창기업
1009,B46-134,Gypsos,14-54149-004,NS,건창기업
1010,A16-568,Alpine slate,14-54152-000,SM,"승은산업,건창기업(유사 HM)"
1011,A35-337,Alpine Slate,14-54152-002,SJ1,청림보드 (성지라미텍 경면)
1012,A16-741,Cementone,14-54154-001,SM,"승은산업,건창기업(유사 HM)"
1013,B46-135,Cementone,14-54154-001,NS,건창기업
1014,B46-136,Cementone,14-54154-003,NS,건창기업
1015,B37-776,Cementone,14-54154-004,VS,
1016,A1-173,Pietra Caspio,14-54161-001,CT,목림
1017,B40-137,Pietra Caspio,14-54161-001,HM,목림(유사 SM)
1018,A1-174,Pietra Caspio,14-54161-002,CT,목림
1019,B40-138,Pietra Caspio,14-54161-002,HM,목림(유사 SM)
1020,A35-372,Pietra Caspio,14-54161-003,SJ1,청림보드 (성지라미텍 경면)
1021,A16-722,Pietra Caspio,14-54161-003,SM,"승은산업,건창기업(유사 HM)"
1022,A40-800,Pietra Caspio,14-54161-003,HM,목림(유사 SM)
1023,B7-198,Pietra Caspio,14-54161-003,민자,목림
1024,A1-175,Pietra Caspio,14-54161-003,CT,목림
1025,B40-139,Pietra Caspio,14-54161-004,HM,목림(유사 SM)
1026,A1-176,Pietra Caspio,14-54161-004,CT,목림
1027,B46-457,Grey Caspio,14-54167-001,NS,
1028,A16-148,Grey Caspio,14-54167-001,SM,"승은산업,건창기업(유사 HM)"
1029,A35-227,Grey Caspio,14-54167-001,SJ1,청림보드 (성지라미텍 경면)
1030,A1-140,Grey Caspio,14-54167-001,CT,목림
1031,B37-475,Grey Caspio,14-54167-001,VS,
1032,A16-158,Grey Caspio,14-54167-002,SM,"승은산업,건창기업(유사 HM)"
1033,A1-163,Grey caspio,14-54167-002,CT,목림
1034,A35-228,Grey Caspio,14-54167-002,SJ1,청림보드 (성지라미텍 경면)
1035,A35-229,Grey Caspio,14-54167-003,SJ1,청림보드 (성지라미텍 경면)
1036,A1-164,Grey caspio,14-54167-003,CT,목림
1037,A37-440,Grey Caspio,14-54167-003,VS,청림보드(인터플러스 경면)
1038,B7-19,Grey Caspio,14-54167-003,민자,"목림,승은산업,건창기업,제이제이 데코 등"
1039,A16-157,Grey Caspio,14-54167-003,SM,"승은산업,건창기업(유사 HM)"
1040,C65-32,Grey Caspio,14-54167-004,K,승은산업
1041,A37-441,Grey Caspio,14-54167-004,VS,청림보드(인터플러스 경면)
1042,A15-192,Grey Caspio,14-54167-004,FT,목림
1043,A1-2,Grey Caspio,14-54167-004,CT,목림
1044,A35-230,Grey Caspio,14-54167-004,SJ1,청림보드 (성지라미텍 경면)
1045,A16-149,Grey Caspio,14-54167-004,SM,"승은산업,건창기업(유사 HM)"
1046,B7-20,Grey caspio,14-54167-004,민자,목림
1047,A35-231,Grey Caspio,14-54167-005,SJ1,청림보드 (성지라미텍 경면)
1048,A1-91,Grey Caspio,14-54167-005,CT,목림
1049,AT-783,Grey Caspio,14-54167-005,G+ 도장 (soft touch),크라텍
1050,A16-78,Grey Caspio,14-54167-005,SM,"승은산업,건창기업(유사 HM)"
1051,AC-778,Grey Caspio,14-54167-005,M2 도장 (easy coating),크라텍
1052,B46-458,Grey Caspio,14-54167-005,NS,
1053,A35-771,Blaustein,14-54173-003,SJ1,청림보드 (성지라미텍 경면)
1054,A37-745,Blaustein,14-54173-003,VS,청림보드(인터플러스 경면)
1055,B16-816,Blaustein,14-54173-003,SM,
1056,B40-73,Arabescato,14-54177-003,HM,목림(유사 SM)
1057,B55-408,Arabescato,14-54177-003,MM,승은산업
1058,B46-338,Arabescato,14-54177-003,NS,건창기업
1059,B35-337,Arabescato,14-54177-003,SJ1,청림보드 (성지라미텍 경면)
1060,A1-169,Maremma,14-54181-101,CT,목림
1061,A41-804,Maremma,14-54181-101,DP3,프린테크IM
1062,A15-350,Kalahari,14-54184-104,FT,목림
1063,B40-266,Kalahari,14-54184-104,HM,목림(유사 SM)
1064,A11-354,Kalahari,14-54184-104,PM,"목림, 건창기업"
1065,A1-346,Kalahari,14-54184-104,CT,목림
1066,A35-342,Kalahari,14-54184-104,SJ1,청림보드 (성지라미텍 경면)
1067,B46-267,Kalahari,14-54184-104,NS,건창기업
1068,HF5-44,Kalahari,14-54184-104,MB,제이에스폴리텍
1069,A11-355,Kalahari,14-54184-105,PM,"목림, 건창기업"
1070,A15-351,Kalahari,14-54184-105,FT,목림
1071,A35-343,Kalahari,14-54184-105,SJ1,청림보드 (성지라미텍 경면)
1072,B40-142,Kalahari,14-54184-105,HM,목림(유사 SM)
1073,A1-347,Kalahari,14-54184-105,CT,목림
1074,A35-344,Kalahari,14-54184-107,SJ1,청림보드 (성지라미텍 경면)
1075,A1-348,Kalahari,14-54184-107,CT,목림
1076,B40-143,Kalahari,14-54184-107,HM,목림(유사 SM)
1077,A11-356,Kalahari,14-54184-107,PM,"목림, 건창기업"
1078,A15-352,Kalahari,14-54184-107,FT,목림
1079,A11-357,Kalahari,14-54184-110,PM,"목림, 건창기업"
1080,A15-353,Kalahari,14-54184-110,FT,목림
1081,A1-349,Kalahari,14-54184-110,CT,목림
1082,A35-345,Kalahari,14-54184-110,SJ1,청림보드 (성지라미텍 경면)
1083,B40-141,Kalahari,14-54184-110,HM,목림(유사 SM)
1084,A16-608,Pure,14-54192-001,SM,"승은산업,건창기업(유사 HM)"
1085,B40-166,Pure,14-54192-002,HM,목림(유사 SM)
1086,B40-167,Pure,14-54192-003,HM,목림(유사 SM)
1087,B40-168,Pure,14-54192-004,HM,목림(유사 SM)
1088,B40-169,Pure,14-54192-005,HM,목림(유사 SM)
1089,A16-762,Pure,14-54192-010,SM,"승은산업,건창기업(유사 HM)"
1090,A35-772,Pure,14-54192-010,SJ1,청림보드 (성지라미텍 경면)
1091,B11-441,Pure,14-54192-010,PM,
1092,B46-218,Pure,14-54192-010,NS,건창기업
1093,B37-76,Pure,14-54192-010,VS,청림보드(인터플러스 경면)
1094,A40-801,Pure,14-54192-010,HM,목림(유사 SM)
1095,A41-802,Pure,14-54192-010,DP3,프린테크IM
1096,A35-715,Moon,14-54193-001,SJ1,청림보드 (성지라미텍 경면)
1097,A1-721,Moon,14-54193-001,CT,목림
1098,A37-720,Moon,14-54193-001,VS,청림보드(인터플러스 경면)
1099,A4-687,Moon,14-54193-001,소프트엠보 ,"목림,승은산업,건창기업,제이제이 데코 등"
1100,C65-24,Moon,14-54193-001,K,승은산업
1101,A41-806,Moon,14-54193-001,DP3,프린테크IM
1102,B56-410,Moon,14-54193-001,DP,승은산업
1103,A40-670,Moon,14-54193-001,HM,목림(유사 SM)
1104,A16-740,Moon,14-54193-003,SM,"승은산업,건창기업(유사 HM)"
1105,B46-695,Luanda,14-54194-001,NS,
1106,B16-820,Firestone ,14-54196-001,SM,
1107,B46-99,Firestone,14-54196-001,NS,건창기업
1108,B46-100,Firestone,14-54196-002,NS,건창기업
1109,B40-140,Canyon Grey Caspio,14-54197-001,HM,목림(유사 SM)
1110,B46-127,Oceanside,14-54205-001,NS,건창기업
1111,B37-26,Oceanside,14-54205-100,VS,청림보드(인터플러스 경면)
1112,B40-110,Oceanside,14-54205-100,HM,목림(유사 SM)
1113,B46-715,Arabescato Gold,14-54210-002,NS,
1114,B35-624,Arabescato Gold,14-54210-002,SJ1,
1115,B40-72,Arabescato Gold,14-54210-002,HM,목림(유사 SM)
1116,B46-463,Acapulco,14-54219-001,NS,
1117,C65-25,Acapulco,14-54219-001,K,승은산업
1118,B46-128,Acapulco,14-54219-002,NS,건창기업
1119,C65-26,Acapulco,14-54219-104,K,승은산업
1120,C37-70,Acapulco,14-54219-104,VS,
1121,B46-425,Acapulco,14-54219-104,NS,건창기업
1122,C65-27,Acapulco,14-54219-109,K,승은산업
1123,C65-28,Acapulco,14-54219-110,K,승은산업
1124,B46-696,Taj Mahal,14-54234-001,NS,
1125,B46-697,Taj Mahal,14-54234-002,NS,
1126,B35-779,Taj Mahal,14-54234-003,SJ1,
1127,B46-721,Taj Mahal,14-54234-003,NS,
1128,B46-722,Taj Mahal,14-54234-004,NS,
1129,B40-535,Taj Mahal,14-54234-106,HM,
1130,B16-774,Vieste,14-54249-102,SM,
1131,C40-45,Clay,14-54252-003,HM,
1132,B46-719,Black Mamba,14-54254-001,NS,
1133,B16-821,Black Mamba,14-54254-002,SM,
1134,B46-720,Black Mamba,14-54254-002,NS,
1135,B35-789,Black Mamba,14-54254-002,SJ1,
1136,B46-639,Sakura,14-54255-001,NS,
1137,B46-640,Sakura,14-54255-002,NS,
1138,B35-781,SAKURA,14-54255-002,SJ1,
1139,B35-725,SAKURA,14-54255-003,SJ1,
1140,B46-641,Sakura,14-54255-003,NS,
1141,C37-63,SAKURA,14-54255-003,VS,
1142,B46-642,Sakura,14-54255-004,NS,
1143,B46-643,SHALIMAR,14-54261-001,NS,
1144,B16-785,SHALIMAR,14-54261-001,SM,
1145,B46-644,SHALIMAR,14-54261-002,NS,
1146,B35-746,SHALIMAR,14-54261-002,SJ1,청림보드 (성지라미텍 경면)
1147,B16-788,SHALIMAR,14-54261-002,SM,
1148,B16-818,SHALIMAR,14-54261-003,SM,
1149,B46-645,SHALIMAR,14-54261-003,NS,
1150,B35-780,SHALIMAR,14-54261-003,SJ1,
1151,B46-646,SHALIMAR,14-54261-004,NS,
1152,B16-819,SHALIMAR,14-54261-004,SM,
1153,B35-747,SHALIMAR,14-54261-004,SJ1,청림보드 (성지라미텍 경면)
1154,C40-53,SHALIMAR,14-54261-005,HM,
1155,B56-839,SHALIMAR,14-54261-005,DP,승은산업
1156,B46-925,SHALIMAR,14-54261-005,NS,
1157,B16-817,DONATELLO,14-54263-001,SM,
1158,B35-770,DONATELLO,14-54263-001,SJ1,
1159,B46-771,DONATELLO,14-54263-001,NS,
1160,C3-112,Donatello,14-54263-001,UK,
1161,C37-107,Donatello,14-54263-001,VS,
1162,B35-786,DONATELLO,14-54263-002,SJ1,
1163,B16-782,DONATELLO,14-54263-002,SM,
1164,B35-841,TOROS,14-54265-001,SJ1,
1165,C16-116,Otranto,14-54267-001,SM,
1166,B56-840,Otranto,14-54267-001,DP,승은산업
1167,B37-924,Otranto,14-54267-001,VS,
1168,B37-844,OTRANTO,14-54267-004,VS,
1169,C16-117,Otranto,14-54267-004,SM,
1170,B46-919,Guyana,14-54269-001,NS,
1171,C7-58,Guyana,14-54269-001,민자,
1172,B46-920,Guyana,14-54269-002,NS,
1173,B46-921,Guyana,14-54269-005,NS,
1174,C7-59,Guyana,14-54269-005,민자,
1175,B46-922,Gadara,14-54278-001,NS,
1176,C35-57,Gadara,14-54278-001,SJ1,
1177,B46-923,Gadara,14-54278-004,NS,
1178,C35-72,Oceanside,14-54305-004,SJ1,
1179,B37-589,Oceanside,14-54305-004,VS,
1180,B16-509,Oceanside,14-54305-004,SM,
1181,B40-202,Oceanside,14-54305-004,HM,목림(유사 SM)
1182,B37-431,Oceanside CN,14-54305-100,VS,청림보드(인터플러스 경면)
1183,B40-439,Oceanside CN,14-54305-100,HM,목림(유사 SM)
1184,C35-91,Oceanside CN,14-54305-100,SJ1,
1185,B37-585,Oceanside CN,14-54305-100(중복),VS,
1186,B37-738,Oceanside,14-54305-103,VS,
1187,C35-90,Oceanside,14-54305-103,SJ1,
1188,B37-848,Oceanside,14-54305-104,VS,
1189,C37-68,Oceanside,14-54305-106,VS,
1190,B40-783,Oceanside,14-54305-106,HM,
1191,B37-521,Delia O.CN,14-54316-100,VS,
1192,B40-161,Delia O.CN,14-54316-100,HM,목림(유사 SM)
1193,B40-24,Calacatta_excl. ,14-54319-100,SM,"승은산업,건창기업(유사 HM)"
1194,B37-809,Calacatta_excl.,14-54319-100,VS,
1195,B46-546,Calacatta_excl.,14-54319-100,NS,
1196,B11-442,Calacatta_excl.,14-54319-100,PM,
1197,A10-570,Calacatta_excl.,14-54319-100,DS,목림
1198,B40-383,Calacatta excl.,14-54319-104,HM,목림(유사 SM)
1199,B40-432,Calacatta excl.,14-54319-104,HM,목림(유사 SM)
1200,B40-303,Calacatta_excl.,14-54319-조색5,HM,목림(유사 SM)
1201,B37-900,Uptown,14-54338-101,VS,
1202,B16-134,Uptown,14-54338-101,SM,"승은산업,건창기업(유사 HM)"
1203,B35-828,Uptown,14-54338-102,SJ1,
1204,B37-827,Uptown,14-54338-102,VS,
1205,B40-109,Uptown,14-54338-102,HM,목림(유사 SM)
1206,B46-180,Uptown,14-54338-102,NS,건창기업
1207,B35-615,Uptown,14-54338-103,SJ1,
1208,B46-181,Uptown,14-54338-103,NS,건창기업
1209,B40-108,Uptown,14-54338-103,HM,목림(유사 SM)
1210,B37-901,Uptown,14-54338-103,VS,
1211,B37-902,Uptown CN,14-54338-104,VS,
1212,B37-903,Uptown CN,14-54338-105,VS,
1213,B37-904,Uptown CN,14-54338-106,VS,
1214,B37-7,Uptown,14-54338-107(동원광주현장은108확인必),VS,청림보드(인터플러스 경면)
1215,B37-7(★동원광주),Uptown,14-54338-108,VS　,청림보드(인터플러스 경면)
1216,A40-785,Alpin Schiefer CN,14-54352-001,HM,목림(유사 SM)
1217,A1-8,Alpin Schiefer CN,14-54352-001,CT,목림
1218,B46-176,Alpin Schiefer CN,14-54352-001,NS,건창기업
1219,A37-414,Alpin Schiefer CN,14-54352-001,VS,청림보드(인터플러스 경면)
1220,A35-336,Alpin Schiefer CN,14-54352-001,SJ1,청림보드 (성지라미텍 경면)
1221,B42-487,Alpin Schiefer CN,14-54352-001,LE1,
1222,A40-786,Alpine Slate CN,14-54352-002,HM,목림(유사 SM)
1223,B46-177,Alpine Slate CN,14-54352-002,NS,건창기업
1224,A4-691,Alpine Slate CN,14-54352-002,소프트엠보 ,"목림,승은산업,건창기업,제이제이 데코 등"
1225,A37-610,Alpine Slate CN,14-54352-002,VS,청림보드(인터플러스 경면)
1226,A1-9,Alpine Slate CN,14-54352-002,CT,목림
1227,B5-292,Alpine Slate CN,14-54352-002,유광,
1228,B35-668,Alpine Slate CN,14-54352-002,SJ1,
1229,B46-427,Alpine slate,14-54352-103,NS,건창기업
1230,B46-428,Alpine slate,14-54352-104,NS,건창기업
1231,B16-510,Grey Caspio CN,14-54366-100,SM,
1232,A35-773,Grey Caspio CN,14-54366-100,SJ1,청림보드 (성지라미텍 경면)
1233,B47-146,Grey Caspio CN,14-54366-100,JH,제이제이데코
1234,A40-693,Grey Caspio CN,14-54366-100,HM,목림(유사 SM)
1235,C46-100,Vesuv CN,14-54378-101,NS,
1236,C37-54,Vesuv CN,14-54378-104,VS,
1237,C65-20,Vesuv,14-54378-106,K,승은산업
1238,B35-209,Vesuv,14-54378-106,SJ1,청림보드 (성지라미텍 경면)
1239,B40-469,Vesuv,14-54378-106,HM,
1240,C46-88,Vesuv,14-54378-106,NS,
1241,C65-21,Vesuv II CN,14-54379-102,K,승은산업
1242,B40-113,Vesuv II CN,14-54379-102,HM,목림(유사 SM)
1243,B37-300,Vesuv II CN,14-54379-102,VS,청림보드(인터플러스 경면)
1244,B35-68,Vesuv II CN,14-54379-102,SJ1,청림보드 (성지라미텍 경면)
1245,C65-22,Vesuv II CN,14-54379-103,K,승은산업
1246,B40-479,Vesuv,14-54379-104,HM,
1247,C65-23,Vesuv II CN,14-54379-104,K,승은산업
1248,B7-21,Solino CN,14-54398-100,민자,목림
1249,B60-566,Solino CN,14-54398-100,MT,건창기업
1250,A1-136,Solino CN,14-54398-100,CT,목림
1251,A16-571,Solino CN,14-54398-100,SM,"승은산업,건창기업(유사 HM)"
1252,A35-323,Solino CN,14-54398-100,SJ1,청림보드 (성지라미텍 경면)
1253,A37-433,Solino CN,14-54398-100,VS,청림보드(인터플러스 경면)
1254,B42-484,Solino CN,14-54398-100,LE1,
1255,B46-478,Solino CN,14-54398-100,NS,
1256,B37-878,Solino CN,14-54398-102,VS,
1257,B56-474,Solino CN,14-54398-102,DP,승은산업
1258,B16-661,Solino CN,14-54398-102,SM,
1259,B37-879,Solino CN,14-54398-103,VS,
1260,B56-473,Solino CN,14-54398-103,DP,승은산업
1261,B16-737,Solino CN,14-54398-103,SM,
1262,B37-618,Solino CN,14-54398-104,VS,
1263,B56-472,Solino CN,14-54398-104,DP,승은산업
1264,B37-880,Solino CN,14-54398-109,VS,
1265,B16-660,Solino CN,14-54398-109,SM,
1266,B37-881,Solino CN,14-54398-110,VS,
1267,B37-882,Solino CN,14-54398-111,VS,
1268,B16-662,Solino CN,14-54398-111,SM,
1269,C35-104,Solino CN,14-54398-111,SJ1,
1270,B16-663,Solino CN,14-54398-112,SM,
1271,B37-883,Solino CN,14-54398-112,VS,
1272,C37-101,Solino CN,14-54398-113,VS,
1273,B37-884,Solino CN,14-54398-114,VS,
1274,B37-885,Solino CN,14-54398-115,VS,
1275,B37-845,Solino,14-54398-117,VS,
1276,A1-130,Murales,14-54967-100,CT,목림
1277,B3-67,Rafia,14-56027-002,UK,목림
1278,B3-62,Rafia,14-56027-004,UK,목림
1279,A16-161,Stromboli,14-56035-001,SM,"승은산업,건창기업(유사 HM)"
1280,A1-341,Stromboli,14-56035-001,CT,목림
1281,B37-429,Stromboli,14-56035-001,VS,청림보드(인터플러스 경면)
1282,B8-140,Weave,14-56049-004,FB,목림
1283,B8-775,Weave,14-56049-004(중복),FB,
1284,A35-339,Blackboard,14-56065-003,SJ1,청림보드 (성지라미텍 경면)
1285,A36-554,Blackboard,14-56065-003,CH,청림보드(인터플러스 경면)
1286,B50-391,Blackboard,14-56065-003,CS,건창기업
1287,B34-217,Blackboard,14-56065-003,TI,건창기업
1288,A1-83,Blackboard,14-56065-003,CT,목림
1289,A11-210,Blackboard,14-56065-003,PM,"목림, 건창기업"
1290,B46-47,Maui,14-56075-002,NS,건창기업
1291,A37-415,Maui,14-56075-002,VS,청림보드(인터플러스 경면)
1292,A35-277,Maui,14-56075-002,SJ1,청림보드 (성지라미텍 경면)
1293,A32-211,Maui,14-56075-002,S,건창기업
1294,A1-63,Maui,14-56075-002,CT,목림
1295,B50-273,Maui,14-56075-002,CS,건창기업
1296,B42-486,Maui,14-56075-002,LE1,
1297,A40-792,Maui,14-56075-002,HM,목림(유사 SM)
1298,B44-31,Maui,14-56075-002,목림273,목림
1299,B47-144,Maui,14-56075-002,JH,제이제이데코
1300,A35-259,Maui,14-56075-004,SJ1,청림보드 (성지라미텍 경면)
1301,B60-565,Maui,14-56075-004,MT,건창기업
1302,AT-781,Maui,14-56075-004,G+ 도장 (soft touch),크라텍
1303,AC-776,Maui,14-56075-004,M2 도장 (easy coating),크라텍
1304,A4-690,Maui,14-56075-004,소프트엠보 ,"목림,승은산업,건창기업,제이제이 데코 등"
1305,A32-212,Maui,14-56075-004,S,건창기업
1306,A40-793,Maui,14-56075-004,HM,목림(유사 SM)
1307,A7-260,Maui,14-56075-004,민자,"목림,승은산업,건창기업,제이제이 데코 등"
1308,A1-1,Maui,14-56075-004,CT,목림
1309,B42-485,Maui,14-56075-004,LE1,
1310,B46-48,Maui,14-56075-004,NS,건창기업
1311,A37-611,Maui,14-56075-004,VS,청림보드(인터플러스 경면)
1312,B47-145,Maui,14-56075-004,JH,제이제이데코
1313,A35-849,Maui,14-56075-101,SJ1,청림보드 (성지라미텍 경면)
1314,B60-564,Maui,14-56075-101,MT,건창기업
1315,B46-49,Maui,14-56075-101,NS,건창기업
1316,A1-753,Maui,14-56075-101,CT,목림
1317,B50-389,Maui,14-56075-101,CS,건창기업
1318,B10-592,Maui,14-56075-101,DS,목림
1319,A40-794,Maui,14-56075-101,HM,목림(유사 SM)
1320,C40-46,Ticino,14-57018-001,HM,
1321,B8-863,TICINO,14-57018-001,FB,
1322,C40-47,Ticino,14-57018-002,HM,
1323,C8-7,Ticino,14-57018-103,FB,
1324,A11-131,Letra,14-57063-003,PM,"목림, 건창기업"
1325,C16-13,Tweed,14-57080-104,SM,
1326,C16-14,Tweed,14-57080-105,SM,
1327,A6-56,Tweed,14-57080-105,무광,"목림,승은산업,건창기업,제이제이 데코 등"
1328,C40-12,Tweed,14-57080-106,HM,
1329,A15-133,Tweed,14-57080-106,FT,목림
1330,A9-310,Serengeti,14-57087-001,CL,목림
1331,A31-207,Cuscino,14-57105-001,F,건창기업
1332,A8-590,Cuscino,14-57105-001,FB,목림
1333,B40-136,Cuscino,14-57105-001,HM,목림(유사 SM)
1334,B7-107,Cuscino,14-57105-001,민자,목림
1335,B8-137,Cuscino,14-57105-002,FB,목림
1336,B8-138,Cuscino,14-57105-003,FB,목림
1337,B8-139,Cuscino,14-57105-004,FB,목림
1338,B16-913,Cuscino,14-57105-112,SM,
1339,B8-333,Cuscino,14-57105-112,FB,목림
1340,C40-9,Cuscino,14-57105-115,HM,
1341,B8-631,Cuscino,14-57105-115,FB,
1342,B16-910,Cuscino,14-57105-116,SM,
1343,B16-912,Portobelo,14-57121-001,SM,
1344,A31-208,Portobelo,14-57121-001,F,건창기업
1345,A8-589,Portobelo,14-57121-001,FB,목림
1346,B44-29,Portobelo,14-57121-001,목림273,목림
1347,B8-633,Portobelo,14-57121-100,FB,
1348,A4-537,Paris,14-57142-001,소프트엠보,"목림,승은산업,건창기업,제이제이 데코 등"
1349,A4-538,Paris,14-57142-002,소프트엠보,"목림,승은산업,건창기업,제이제이 데코 등"
1350,A4-539,Paris,14-57142-003,소프트엠보,"목림,승은산업,건창기업,제이제이 데코 등"
1351,A4-540,Paris,14-57142-004,소프트엠보,"목림,승은산업,건창기업,제이제이 데코 등"
1352,A4-541,Paris,14-57142-005,소프트엠보,"목림,승은산업,건창기업,제이제이 데코 등"
1353,B16-908,Paris,14-57142-101,SM,
1354,B8-516,Paris,14-57142-101,FB,
1355,C40-10,Paris,14-57142-105,HM,
1356,Z4-002,Paris ,14-57142-105,소프트엠보,건창기업
1357,C40-11,Paris,14-57142-122,HM,
1358,B8-632,Paris,14-57142-122,FB,
1359,B31-396,Paris,14-57142-123,F,건창기업
1360,B16-911,Paris,14-57142-123,SM,
1361,B8-363,Paris,14-57142-123,FB,목림
1362,Z4-001,Paris,14-57142-123,소프트엠보,건창기업
1363,B31-131,Cascade,14-57161-001,F,건창기업
1364,B8-130,Cascade,14-57161-001,FB,목림
1365,B62-610,Cascade,14-57161-005,AK,목림
1366,B57-413,Casablanca,14-57170-100,AF,승은산업
1367,B4-861,Casablanca,14-57170-105,소프트엠보,
1368,B8-805,Casablanca,14-57170-105,FB,
1369,B31-397,Casablanca,14-57170-106,F,건창기업
1370,B46-636,Casablanca,14-57170-106,NS,
1371,B56-635,Casablanca,14-57170-106,DP,승은산업
1372,B8-364,Casablanca,14-57170-106,FB,목림
1373,B31-398,Aurora,14-57171-101,F,건창기업
1374,B16-909,Aurora,14-57171-101,SM,
1375,B8-334,Aurora,14-57171-101,FB,목림
1376,B8-366,Aurora,14-57171-101 ,FB,목림
1377,B4-862,Aurora,14-57171-102,소프트엠보,
1378,C16-115,Lusaka,14-57198-004,SM,
1379,B8-365,Polo,14-57341-106,FB,목림
1380,B31-395,Polo,14-57341-106,F,건창기업
1381,B16-914,Polo,14-57341-106,SM,
1382,B53-401,Polo,14-57341-106,HS-1,승은산업
1383,B4-373,Polo,14-57341-106,소프트엠보,
1384,C59-85,Polo,14-57341-106,LV,
1385,A8-868,Kalamos,14-57348-002,FB,목림
1386,A40-869,Kalamos,14-57348-002,HM,목림(유사 SM)
1387,A40-871,Kalamos,14-57348-003,HM,목림(유사 SM)
1388,A8-870,Kalamos,14-57348-003,FB,목림
1389,A9-599,Unique Colors,14-60000-000,CL,목림
1390,A35-490,Smoky Grey,14-60000-008,SJ1,청림보드 (성지라미텍 경면)
1391,B50-508,Smoky Grey,14-60000-008,CS,건창기업
1392,A9-551,Smoky Grey,14-60000-008,CL,목림
1393,A40-642,Smoky Grey,14-60000-008,HM,목림(유사 SM)
1394,A42-861,Smoky Grey,14-60000-008,LE1,프린테크
1395,B45-350,Fond,14-60000-008,L,건창기업
1396,U19,Smoky Grey,14-60000-008,민자,"목림,승은산업,건창기업,제이제이 데코 등"
1397,A34-268,Smoky Grey,14-60000-008,TI,건창기업
1398,A11-392,Smoky Grey,14-60000-008,PM,"목림, 건창기업"
1399,A35-491,Dark Cherry,14-60000-009,SJ1,청림보드 (성지라미텍 경면)
1400,A1-924,Dark Cherry ,14-60000-009,CT,목림 
1401,B37-117,Dark Cherry,14-60000-009,VS,청림보드(인터플러스 경면)
1402,AT-881,Dark Cherry,14-60000-009,G+ 도장 (soft touch),크라텍
1403,A16-549,Dark Cherry,14-60000-009,SM,"승은산업,건창기업(유사 HM)"
1404,B60-667,Dark Cherry,14-60000-009,MT,건창기업
1405,A42-848,Dark Cherry,14-60000-009,LE1,프린테크
1406,A9-822,Dark Cherry,14-60000-009,CL,목림
1407,B64-678,Dark Cherry,14-60000-009,SC,
1408,A11-50,Dark Cherry,14-60000-009,PM,"목림, 건창기업"
1409,B45-351,Fond,14-60000-009,L,건창기업
1410,A4-635,Dark Cherry,14-60000-009,소프트엠보 ,"목림,승은산업,건창기업,제이제이 데코 등"
1411,B50-275,Dark Cherry,14-60000-009,CS,건창기업
1412,U20,Dark Cherry,14-60000-009,민자,"목림,승은산업,건창기업,제이제이 데코 등"
1413,B36-274,Dark Cherry,14-60000-009,CH,청림보드(인터플러스 경면)
1414,B50-712,True Blue,14-60000-011,CS,건창기업
1415,A11-545,True Blue,14-60000-011,PM,"목림, 건창기업"
1416,A42-808,True Blue,14-60000-011,LE1,프린테크
1417,A16-542,True Blue,14-60000-011,SM,"승은산업,건창기업(유사 HM)"
1418,B46-356,Fond,14-60000-011,NS,건창기업
1419,A9-694,True Blue,14-60000-011,CL,목림
1420,B36-38,True Blue,14-60000-011,CH,청림보드(인터플러스 경면) 
1421,U21,True Blue,14-60000-011,민자,"목림,승은산업,건창기업,제이제이 데코 등"
1422,B37-39,True Blue,14-60000-011,VS,청림보드(인터플러스 경면)
1423,B1-37,True Blue,14-60000-011,CT,목림
1424,A35-492,True Blue,14-60000-011,SJ1,청림보드 (성지라미텍 경면)
1425,A37-757,Warm Grey,14-60000-013,VS,청림보드(인터플러스 경면)
1426,B3-616,Warm Grey,14-60000-013,UK,
1427,B62-603,Warm Grey,14-60000-013,AK,목림
1428,B61-567,Warm Grey,14-60000-013,CM,목림
1429,A16-612,Warm Grey,14-60000-013,SM,"승은산업,건창기업(유사 HM)"
1430,A9-744,Warm Grey,14-60000-013,CL,목림
1431,C56-97,Warm Grey(Fond),14-60000-013,DP,
1432,A42-809,Warm Grey,14-60000-013,LE1,프린테크
1433,B64-690,Warm Grey,14-60000-013,SC,
1434,A8-705,Warm Grey,14-60000-013,FB,목림
1435,B50-393,Warm Grey,14-60000-013,CS,건창기업
1436,A35-677,Warm Grey,14-60000-013,SJ1,청림보드 (성지라미텍 경면)
1437,B7-83,Warm Grey,14-60000-013,민자,"목림,승은산업,건창기업,제이제이 데코 등"
1438,B44-30,Warm Grey,14-60000-013,목림273,목림
1439,U48,Warm Grey,14-60000-013,민자,"목림,승은산업,건창기업,제이제이 데코 등"
1440,AT-887,Warm Grey,14-60000-013,G+ 도장 (soft touch),크라텍
1441,A9-572,Ice,14-60000-020,CL,목림
1442,B42-243,Ice,14-60000-020,LE1,프린테크
1443,U22,Ice,14-60000-020,민자,"목림,승은산업,건창기업,제이제이 데코 등"
1444,B62-596,Ice,14-60000-020,AK,목림
1445,A35-493,Ice,14-60000-020,SJ1,청림보드 (성지라미텍 경면)
1446,AT-875,Tabasco,14-60000-021,G+ 도장 (soft touch),크라텍
1447,B25-352,Tabasco,14-60000-021,J,건창기업(유사 TK)
1448,A16-912,Tabasco,14-60000-021,SM,"승은산업,건창기업(유사 HM)"
1449,B58-732,Tabasco,14-60000-021,TS,
1450,B64-675,Tabasco,14-60000-021,SC,승은산업
1451,B60-666,Tabasco,14-60000-021,MT,건창기업
1452,A9-813,Tabasco,14-60000-021,CL,목림
1453,B62-604,Tabasco,14-60000-021,AK,목림
1454,B50-257,Tabasco,14-60000-021,CS,건창기업
1455,A7-789,Fond,14-60000-021,민자,"목림,승은산업,건창기업,제이제이 데코 등"
1456,B44-342,Tabasco,14-60000-021,목림273,목림
1457,A42-892,Tabasco,14-60000-021,LE1,프린테크
1458,A35-898,Tabasco,14-60000-021,SJ1,청림보드 (성지라미텍 경면)
1459,U49,Tabasco,14-60000-021,민자,"목림,승은산업,건창기업,제이제이 데코 등"
1460,A11-51,Petrol Blue,14-60000-022,PM,"목림, 건창기업"
1461,AT-782,Petrol Blue,14-60000-022,G+ 도장 (soft touch),크라텍
1462,AC-777,Petrol Blue,14-60000-022,M2 도장 (easy coating),크라텍
1463,B64-734,Petrol Blue,14-60000-022,SC,
1464,A9-573,Petrol Blue,14-60000-022,CL,목림
1465,A16-548,Petrol Blue,14-60000-022,SM,"승은산업,건창기업(유사 HM)"
1466,B58-735,Petrol Blue,14-60000-022,TS,
1467,B50-711,Petrol Blue,14-60000-022,CS,건창기업
1468,U23,Petrol Blue,14-60000-022,민자,"목림,승은산업,건창기업,제이제이 데코 등"
1469,B62-597,Petrol Blue,14-60000-022,AK,목림
1470,A35-494,Petrol Blue ,14-60000-022,SJ1,청림보드 (성지라미텍 경면)
1471,B25-353,Fond,14-60000-023,J,건창기업(유사 TK)
1472,A16-544,Lavender,14-60000-023,SM,"승은산업,건창기업(유사 HM)"
1473,A11-547,Lavender,14-60000-023,PM,"목림, 건창기업"
1474,A9-823,Lavender,14-60000-023,CL,목림
1475,U24,Lavender,14-60000-023,민자,"목림,승은산업,건창기업,제이제이 데코 등"
1476,B62-600,Lavender,14-60000-023,AK,목림
1477,A35-495,Lavender,14-60000-023,SJ1,청림보드 (성지라미텍 경면)
1478,A7-480,Dim Light,14-60000-033,민자,"목림,승은산업,건창기업,제이제이 데코 등"
1479,A35-556,Dim Light,14-60000-033,SJ1,청림보드 (성지라미텍 경면)
1480,B44-854,Dim Light ,14-60000-033,목림273,
1481,B56-853,Dim Light ,14-60000-033,DP,승은산업
1482,A16-565,Dim Light,14-60000-033,SM,"승은산업,건창기업(유사 HM)"
1483,B42-703,Dim Light,14-60000-033,LE1,
1484,B37-84,Dim Light,14-60000-033,VS,청림보드(인터플러스 경면)
1485,U25,Dim Light,14-60000-033,민자,"목림,승은산업,건창기업,제이제이 데코 등"
1486,A8-601,Dim Light,14-60000-033,FB,목림
1487,A36-596,Dim Light,14-60000-033,CH,청림보드(인터플러스 경면)
1488,B10-53,Dim Light,14-60000-033,DS,목림
1489,A34-272,Dim Light,14-60000-033,TI,건창기업
1490,A9-615,Dim Light,14-60000-033,CL,목림
1491,A11-52,Dim Light,14-60000-033,PM,"목림, 건창기업"
1492,A7-834,Charcoal,14-60000-034,민자,목림
1493,B62-605,Charcoal,14-60000-034,AK,목림
1494,AT-886,Charcoal,14-60000-034,G+ 도장 (soft touch),크라텍
1495,A37-847,Charcoal,14-60000-034,VS,청림보드(인터플러스 경면)
1496,A9-812,Charcoal,14-60000-034,CL,목림
1497,A35-819,Charcoal,14-60000-034,SJ1,청림보드 (성지라미텍 경면)
1498,A42-811,Charcoal,14-60000-034,LE1,프린테크
1499,B64-677,Charcoal,14-60000-034,SC,
1500,B50-357,Charcoal,14-60000-034,CS,건창기업
1501,B43-343,Charcoal,14-60000-034,목림246,목림
1502,A8-706,Charcoal,14-60000-034,FB,목림
1503,U50,Charcoal,14-60000-034,민자,"목림,승은산업,건창기업,제이제이 데코 등"
1504,A9-932,Jade,14-60000-038,CL,목림
1505,A35-931,Jade,14-60000-038,SJ1,청림보드 (성지라미텍 경면)
1506,B50-731,Jade,14-60000-038,CS,건창기업
1507,B40-346,Jade,14-60000-038,HM,목림(유사 SM)
1508,B57-415,Jade,14-60000-038,AF,승은산업
1509,B1-345,Jade,14-60000-038,CT,목림
1510,A36-933,Jade,14-60000-038,CH,청림보드(인터플러스 경면)
1511,U51,Jade,14-60000-038,민자,"목림,승은산업,건창기업,제이제이 데코 등"
1512,A42-934,Jade,14-60000-038,LE1,프린테크
1513,A35-550,Forest,14-60000-039,SJ1,청림보드 (성지라미텍 경면)
1514,A37-896,Forest,14-60000-039,VS,청림보드(인터플러스 경면)
1515,A16-543,Forest,14-60000-039,SM,"승은산업,건창기업(유사 HM)"
1516,A11-546,Forest,14-60000-039,PM,"목림, 건창기업"
1517,B42-525,Forest,14-60000-039,LE1,
1518,A4-478,Forest,14-60000-039,소프트엠보,"목림,승은산업,건창기업,제이제이 데코 등"
1519,B57-414,Forest,14-60000-039,AF,승은산업
1520,B50-379,Forest,14-60000-039,CS,건창기업
1521,A7-477,Forest,14-60000-039,민자,"목림,승은산업,건창기업,제이제이 데코 등"
1522,B46-354,Fond,14-60000-039,NS,건창기업
1523,A9-597,Forest,14-60000-039,CL,목림
1524,U26,Forest,14-60000-039,민자,"목림,승은산업,건창기업,제이제이 데코 등"
1525,A1-888,Forest,14-60000-039,CT,목림
1526,B62-601,Forest,14-60000-039,AK,목림
1527,B57-417,Clay,14-60000-042,AF,승은산업
1528,U27,Cray,14-60000-042,민자,"목림,승은산업,건창기업,제이제이 데코 등"
1529,A40-644,Clay,14-60000-042,HM,목림(유사 SM)
1530,B62-598,Clay,14-60000-042,AK,목림
1531,C56-93,Clay,14-60000-042,DP,
1532,U28,Mango,14-60000-145,민자,"목림,승은산업,건창기업,제이제이 데코 등"
1533,A11-53,Pineapple,14-60000-146,PM,"목림, 건창기업"
1534,U29,Pineapple,14-60000-146,민자,"목림,승은산업,건창기업,제이제이 데코 등"
1535,U30,Mint,14-60000-148,민자,"목림,승은산업,건창기업,제이제이 데코 등"
1536,B62-599,Mint,14-60000-148,AK,목림
1537,U52,Pistachio,14-60000-149,민자,"목림,승은산업,건창기업,제이제이 데코 등"
1538,C56-98,Pistachio,14-60000-149,DP,
1539,B50-710,Jeans,14-60000-150,CS,건창기업
1540,B58-736,Jeans,14-60000-150,TS,
1541,U31,Jeans,14-60000-150,NS,건창기업
1542,B45-421,Unique colors / Fond,14-60000-178,L,건창기업
1543,B37-118,Unique colors / Fond,14-60000-178,VS,청림보드(인터플러스 경면)
1544,B58-638,Unique colors / Fond,14-60000-178,TS,
1545,B56-637,Unique colors / Fond,14-60000-178,DP,승은산업
1546,A4-425,Unique colors / Fond,14-60000-178,소프트엠보 ,"목림,승은산업,건창기업,제이제이 데코 등"
1547,A9-820,Unique colors / Fond,14-60000-178,CL,목림
1548,A1-840,Unique colors / Fond,14-60000-178,CT,목림
1549,B64-689,Unique Colors/Fond,14-60000-178,SC,
1550,B50-420,Unique colors / Fond,14-60000-178,CS,건창기업
1551,A2-269,Unique colors / Fond,14-60000-178,CR,목림
1552,A36-445,Unique colors / Fond,14-60000-178,CH,청림보드(인터플러스 경면)
1553,B3-496,Unique colors / Fond,14-60000-178,UK,
1554,B42-89,Unique colors / Fond,14-60000-178,LE1,프린테크
1555,A35-674,Unique colors / Fond,14-60000-178,SJ1,청림보드 (성지라미텍 경면)
1556,U32,Unique colors / Fond,14-60000-178,민자,"목림,승은산업,건창기업,제이제이 데코 등"
1557,B40-225,Unique Colors,14-60000-178,HM,목림(유사 SM)
1558,A11-393,Unique colors / Fond,14-60000-178,PM,"목림, 건창기업 "
1559,A1-560,Fond,14-60000-284,CT,목림
1560,A42-862,Fond,14-60000-284,LE1,프린테크
1561,A9-821,Fond,14-60000-284,CL,목림
1562,B64-680,Fond,14-60000-284,SC,
1563,A36-562,Fond,14-60000-284,CH,청림보드(인터플러스 경면)
1564,U33,Fond,14-60000-284,민자,"목림,승은산업,건창기업,제이제이 데코 등"
1565,A35-675,Fond,14-60000-284,SJ1,청림보드 (성지라미텍 경면)
1566,B40-224,Fond,14-60000-284,HM,목림(유사 SM)
1567,B37-477,Fond,14-60000-284,VS,
1568,C58-64,Fond,14-60000-284,TS,
1569,C16-95,Fond,14-60000-284,SM,
1570,A42-909,Unique Colors,14-60000-344,LE1,프린테크
1571,A1-559,Unique Colors,14-60000-344,CT,목림
1572,A14-754,Unique Colors,14-60000-344,WT,목림
1573,A16-739,Unique Colors,14-60000-344,SM,"승은산업,건창기업(유사 HM)"
1574,AT-879,Unique Colors,14-60000-344,G+ 도장 (soft touch),크라텍
1575,B25-652,Unique Colors,14-60000-344,J,
1576,B45-651,Unique Colors,14-60000-344,L,
1577,B3-650,Unique Colors,14-60000-344,UK,
1578,B39-649,Unique Colors,14-60000-344,TK,
1579,B24-648,Unique Colors,14-60000-344,QT,
1580,B46-758,Unique Colors,14-60000-344,NS,
1581,A37-769,Unique Colors,14-60000-344,VS,청림보드(인터플러스 경면)
1582,B40-575,Unique Colors,14-60000-344,HM,
1583,B64-688,Unique Colors,14-60000-344,SC,
1584,A8-602,Unique Colors,14-60000-344,FB,목림
1585,B50-394,Unique Colors,14-60000-344,CS,건창기업
1586,A36-561,Unique Colors,14-60000-344,CH,청림보드(인터플러스 경면)
1587,U35,Unique Colors,14-60000-344,민자,"목림,승은산업,건창기업,제이제이 데코 등"
1588,A9-668,Unique Colors,14-60000-344,CL,목림
1589,A35-901,Unique Colors,14-60000-344,SJ1,청림보드 (성지라미텍 경면)
1590,B7-799,Unique Colors,14-60000-344(중복),민자,
1591,A11-54,Pale Pink,14-60000-346,PM,"목림, 건창기업"
1592,B62-602,Pale Pink,14-60000-346,AK,목림
1593,B36-460,Pale Pink,14-60000-346,CH,청림보드(인터플러스 경면)
1594,U34,Pale Pink,14-60000-346,민자,"목림,승은산업,건창기업,제이제이 데코 등"
1595,B3-347,Unique Colors,14-60000-394,UK,목림
1596,B45-503,Unique Colors,14-60000-394,LE1,
1597,B45-502,Unique Colors,14-60000-394,L,
1598,U53,Unique Colors,14-60000-394,민자,"목림,승은산업,건창기업,제이제이 데코 등"
1599,A7-790,Fond,14-60000-433,민자,"목림,승은산업,건창기업,제이제이 데코 등"
1600,A35-555,Unique Colors,14-60000-470,SJ1,청림보드 (성지라미텍 경면)
1601,AT-884,Unique color,14-60000-470,G+ 도장 (soft touch),크라텍
1602,B60-665,Unique color,14-60000-470,MT,건창기업
1603,A9-824,Unique Colors,14-60000-470,CL,목림
1604,B64-686,Unique Colors,14-60000-470,SC,
1605,B50-258,Unique color,14-60000-470,CS,건창기업
1606,B8-25,Unique Colors,14-60000-470,FB,목림
1607,B2-23,Unique Colors,14-60000-470,CR,목림
1608,B36-279,Unique Colors,14-60000-470,CH,청림보드(인터플러스 경면)
1609,B1-278,Unique Colors,14-60000-470,CT,목림
1610,U36,Unique Colors,14-60000-470,민자,"목림,승은산업,건창기업,제이제이 데코 등"
1611,A40-927,Unique Colors,14-60000-470,HM,목림(유사 SM)
1612,A42-895,Unique Colors,14-60000-470,LE1,프린테크
1613,B10-4,Unique Colors,14-60000-470,DS,목림
1614,B37-34,Unique Colors,14-60000-470,VS,청림보드(인터플러스 경면)
1615,B50-708,Unique Colors,14-60000-471,CS,건창기업
1616,A9-825,Unique Colors,14-60000-471,CL,목림
1617,B46-355,Fond,14-60000-471,NS,건창기업
1618,U37,Unique Colors,14-60000-471,민자,"목림,승은산업,건창기업,제이제이 데코 등"
1619,A42-893,Unique Colors,14-60000-471,LE1,프린테크
1620,A35-496,Unique Colors,14-60000-471,SJ1,청림보드 (성지라미텍 경면)
1621,B42-245,Blue,14-60000-473,LE1,프린테크
1622,U39,Blue,14-60000-473,민자,"목림,승은산업,건창기업,제이제이 데코 등"
1623,A35-498,Blue,14-60000-473,SJ1,청림보드 (성지라미텍 경면)
1624,U41,Unique Colors,14-60000-474,민자,"목림,승은산업,건창기업,제이제이 데코 등"
1625,B42-51,Unique Colors,14-60000-475,LE1,프린테크
1626,A35-922,Unique Color,14-60000-475,SJ1,청림보드 (성지라미텍 경면)
1627,U40,Unique Colors,14-60000-475,민자,"목림,승은산업,건창기업,제이제이 데코 등"
1628,B45-767,Unique Color,14-60000-475,L,
1629,B64-687,Unique Colors,14-60000-475,SC,
1630,B37-324,Unique Colors,14-60000-475,VS,청림보드(인터플러스 경면)
1631,B1-323,Unique Colors,14-60000-475,CT,목림
1632,A8-603,Unique Colors,14-60000-475,FB,목림
1633,B9-240,Unique Colors,14-60000-475,CL,목림
1634,A36-564,Unique Colors,14-60000-475,CH,청림보드(인터플러스 경면)
1635,B40-223,Unique Colors,14-60000-475,HM,목림(유사 SM)
1636,A16-566,Dark Green,14-60000-503,SM,"승은산업,건창기업(유사 HM)"
1637,AT-885,Dark Green,14-60000-503,G+ 도장 (soft touch),크라텍
1638,A9-695,Dark Green,14-60000-503,CL,목림
1639,A42-810,Dark Green,14-60000-503,LE1,프린테크
1640,B64-679,Dark Green,14-60000-503,SC,
1641,B50-626,Dark Green,14-60000-503,CS,건창기업
1642,B43-344,Dark Green,14-60000-503,목림246,목림
1643,A8-707,Dark Green,14-60000-503,FB,목림
1644,B2-22,Dark Green,14-60000-503,CH,청림보드(인터플러스 경면)
1645,A35-678,Dark Green,14-60000-503,SJ1,청림보드 (성지라미텍 경면)
1646,A1-889,Dark Green,14-60000-503,CT,목림
1647,B7-32,Dark Green,14-60000-503,민자,
1648,B10-3,Dark Green,14-60000-503,DS,목림
1649,U54,Dark Green,14-60000-503,민자,"목림,승은산업,건창기업,제이제이 데코 등"
1650,A42-907,Fond,14-60000-512,LE1,프린테크
1651,C58-15,Fond,14-60000-512,TS,
1652,AT-876,Fond,14-60000-512,G+ 도장 (soft touch),크라텍
1653,A16-913,Fond,14-60000-512,SM,"승은산업,건창기업(유사 HM)"
1654,A9-814,Fond,14-60000-512,CL,목림
1655,A35-867,Fond,14-60000-512,SJ1,청림보드 (성지라미텍 경면)
1656,B60-664,Fond,14-60000-512,MT,건창기업
1657,B64-681,Fond,14-60000-512,SC,
1658,B50-256,Fond,14-60000-512,CS,건창기업
1659,A7-788,Fond,14-60000-512,민자,"목림,승은산업,건창기업,제이제이 데코 등"
1660,B36-277,Fond,14-60000-512,CH,청림보드(인터플러스 경면)
1661,B1-276,Fond,14-60000-512,CT,목림
1662,U55,Fond,14-60000-512,민자,"목림,승은산업,건창기업,제이제이 데코 등"
1663,B62-606,Milkshake CN,14-60000-513,AK,목림
1664,U56,Milkshake CN,14-60000-513,민자,"목림,승은산업,건창기업,제이제이 데코 등"
1665,C64-99,Milkshake CN,14-60000-513,SC,
1666,B64-700,Unique Colors,14-60000-546,SC,
1667,B62-607,Unique Colors,14-60000-546,AK,목림
1668,B57-418,Unique Colors,14-60000-546,AF,승은산업
1669,B8-349,Fond,14-60000-546,FB,목림
1670,U57,Unique Colors,14-60000-546,민자,"목림,승은산업,건창기업,제이제이 데코 등"
1671,C35-105,Unique Colors,14-60000-546,SJ1,
1672,B57-416,Navy Blue,14-60000-585,AF,승은산업
1673,B50-709,Navy Blue,14-60000-585,CS,건창기업
1674,B31-120,Navy Blue,14-60000-585,F,건창기업
1675,B58-733,Navy Blue,14-60000-585,TS,
1676,B16-119,Navy Blue,14-60000-585,SM,"승은산업,건창기업(유사 HM)"
1677,B62-608,Navy Blue,14-60000-585,AK,목림
1678,B7-419,Navy Blue,14-60000-585,민자,
1679,B44-147,Navy Blue,14-60000-585,목림273,목림
1680,U58,Navy Blue,14-60000-585,민자,"목림,승은산업,건창기업,제이제이 데코 등"
1681,B42-132, Navy Blue,14-60000-585,LE1,프린테크
1682,B42-244,Green,14-60000-850,LE1,프린테크
1683,B50-859,Green,14-60000-850,CS,건창기업
1684,A40-645,Green,14-60000-850,HM,목림(유사 SM)
1685,A35-497,Green,14-60000-850,SJ1,청림보드 (성지라미텍 경면)
1686,A9-575,Green,14-60000-850,CL,목림
1687,U38,Green,14-60000-850,민자,"목림,승은산업,건창기업,제이제이 데코 등"
1688,B3-793,Fond,14-60000-988,UK,
1689,B7-207,Fond,14-60000-988,민자,"목림,승은산업,건창기업,제이제이 데코 등"
1690,B7-672,Fond,14-60000-988,민자1,
1691,B1-284,Fond ,14-60000-988,CT,목림
1692,B42-206,Fond,14-60000-988,LE1,프린테크
1693,B35-205,Fond,14-60000-988,SJ1,청림보드 (성지라미텍 경면)
1694,B16-204,Fond,14-60000-988,SM,"승은산업,건창기업(유사 HM)"
1695,B37-203,Fond,14-60000-988,VS,청림보드(인터플러스 경면)
1696,B45-769,Fond,14-60000-988,L,
1697,B46-768,Fond,14-60000-988,NS,
1698,B58-869,Fond,14-60000-988,TS,
1699,B50-868,Fond,14-60000-988,CS,건창기업
1700,A1-359,Micro 3,14-61065-102,CT,목림
1701,C16-94,Manggo,14-70000-141,SM,
1702,C64-51,Unique Color,14-70000-172,SC,
1703,B58-751,Unique Colors,14-70000-172,TS,
1704,B42-837,Unique Color,14-70000-172,LE1,
1705,B35-873,Unique Color,14-70000-172,SJ1,
1706,B50-804,Unique Colors,14-70000-172,CS,건창기업
1707,A9-826,Fond,14-90010-112,CL,목림
1708,B55-813,Fond,14-90010-112,MM,
1709,A36-444,Fond,14-90010-112,CH,청림보드(인터플러스 경면)
1710,A35-676,Fond,14-90010-112,SJ1,청림보드 (성지라미텍 경면)
1711,U42,Fond,14-90010-112,민자,"목림,승은산업,건창기업,제이제이 데코 등"
1712,B57-812,Fond,14-90010-112 ,AF,승은산업
1713,B40-571,Fond,14-90013-135,HM,
1714,A36-442,Fond,14-90013-135,CH,청림보드(인터플러스 경면)
1715,B45-501,Fond,14-90013-135,LE1,
1716,B45-500,Fond,14-90013-135,L,
1717,B3-499,Fond,14-90013-135,UK,
1718,U43,Fond,14-90013-135,민자,"목림,승은산업,건창기업,제이제이 데코 등"
1719,A35-640,Fond,14-90013-135,SJ1,청림보드 (성지라미텍 경면)
1720,A1-639,Fond,14-90013-135,CT,목림
1721,A9-638,Fond,14-90013-135,CL,목림
1722,B64-727,Fond,14-90030-326,SC,
1723,B57-814,Keramik 54er 1300 mm,14-90038-119,AF,승은산업
1724,B64-757,Keramik 54er 1300 mm,14-90038-119,SC,
1725,B58-756,Keramik 54er 1300 mm,14-90038-119,TS,
1726,B46-755,Keramik 54er 1300 mm,14-90038-119,NS,
1727,B35-754,Keramik 54er 1300 mm,14-90038-119,SJ1,
1728,B37-753,Keramik 54er 1300 mm,14-90038-119,VS,
1729,B55-815,Keramik 54er 1300 mm,14-90038-119,MM,
1730,B63-629,Keramik 54er 1300 mm,14-90038-119,Tl,건창기업
1731,B50-627,Keramik 54er 1300 mm,14-90038-119,CS,건창기업
1732,B25-630,Keramik 54er 1300 mm,14-90038-119,J,
1733,A36-446,Keramik 54er 1300 mm,14-90038-119,CH,청림보드(인터플러스 경면)
1734,U60,Keramik 54er 1300 mm,14-90038-119,민자,"목림,승은산업,건창기업,제이제이 데코 등"
1735,A7-619,Fond,14-90328-164,민자,"목림,승은산업,건창기업,제이제이 데코 등"
1736,B59-563,Fond,14-90328-167,LV,건창기업
1737,A7-620,Fond,14-90328-167,민자,"목림,승은산업,건창기업,제이제이 데코 등"
1738,B62-609,Fond,14-90328-220,AK,목림
1739,B37-764,Fond,14-90328-220,VS,
1740,B35-763,Fond,14-90328-220,SJ1,
1741,B46-762,Fond,14-90328-220,NS,
1742,A8-704,Fond,14-90328-220,FB,목림
1743,B50-233,Fond,14-90328-220,CS,건창기업
1744,B40-348,Fond,14-90328-220,HM,목림(유사 SM)
1745,U59,Fond,14-90328-220,민자,"목림,승은산업,건창기업,제이제이 데코 등"
1746,K7-165,Borodino Ash,15-11057-022,민자,"목림,승은산업,건창기업,제이제이 데코 등"
1747,A1-617,Grey Caspio CN,16-54366-100,CT,목림
1748,G50,Fond Grey GY II,16-90030-289,민자,
1749,B3-541,Palau Teak,24-24029-02,UK,
1750,B8-543,Twist,24-54056-01,FB,
1751,B40-542,Solino,24-54098-29,HM,
1752,HF2-52,Life Oak,25-10044-20(no.1),NM,
1753,HF2-54,Life Oak,25-10044-21(No.6),NM,
1754,HF2-53,Life Oak ,25-10044-22 (No.4),NM,
1755,HF2-51,Canyon Kalk Eiche Astlos,25-10153-11,NM,
1756,HF2-56,Canyon Kalk Eiche Astlos,25-10153-19,NM,메라톤
1757,B45-851,Santana Oak,25-10175-01(No.2),L,
1758,B3-740,Columbia Walnut,25-20387-01,UK,
1759,B7-739,Columbia Walnut,25-20387-01,민자,
1760,B45-741,Columbia Walnut,25-20387-01,L,
1761,C45-3,ORLANDO WALNUT,25-20409-01(No.3),L,
1762,C10-76,HS1000-42JB,25-54063-02(6번),DS,
1763,C10-77,HS1000-27JB,25-54098-04(2번),DS,
1764,B37-860,Azual Aran,25-54113-01,VS,
1765,B35-833,Uptown,25-54138-03,VS,
1766,B35-832,Uptown,25-54138-03,SJ1,
1767,B35-826,Uptown,25-54138-07,SJ1,
1768,B37-824,Uptown,25-54138-07,VS,
1769,B35-825,Teramo,25-54145-01,SJ1,
1770,B37-823,Teramo,25-54145-01,VS,
1771,B37-831,Teramo,25-54145-02,VS,
1772,B35-830,Teramo,25-54145-02,SJ1,
1773,C16-78,25-54219-05(n01),25-54219-05(n01),SM,
1774,C37-69,Atlantic Coast,25-54246-01,VS,
1775,C16-62,Cuscino,25-57105-02(No.3),SM,
1776,C34-109,GETARIA,25-57173-01 (No.1),TI,
1777,C16-103,25-HS crystal marble-01,25-HS crystal marble-01,SM,
1778,C16-102,25-HS stripe marble-01,25-HS stripe marble-01,SM,
1779,C16-79,25-세라믹-09(no.04),25-세라믹-09(no.04),SM,
1780,R35-676,Etrusco,4000307-08-000,SJ1,
1781,R40-376,Etrusco,4000307-08-000,HM,목림(유사 SM)
1782,R40-377,Atacama,4000430-01-000,HM,목림(유사 SM)
1783,HF5-45,Atacama,4000430-01-000,MB,제이에스폴리텍
1784,R40-378,Luna,4000442-03-000,HM,목림(유사 SM)
1785,R35-778,Luna,4000442-03-000,SJ1,
1786,Q39-921,Wood Ash,4000529-01-000,TK,목림(유사 J)
1787,HF4-35,Wood Ash,4000529-01-000,BF,
1788,Q3-920,Wood Ash,4000529-01-000,UK,목림
1789,Q40-917,Stone Dark,4000529-02-000,HM,목림(유사 SM)
1790,Q1-916,Stone Dark,4000529-02-000,CT,목림
1791,Q40-919,Stone Sand,4000529-03-000,HM,목림(유사 SM)
1792,Q1-918,Stone Sand,4000529-03-000,CT,목림
1793,Q39-915,Grande Oak,4000542-01-000,TK,목림(유사 J)
1794,HF4-34,Grande Oak,4000542-01-000,BF,
1795,Q3-914,Grande Oak,4000542-01-000,UK,목림
1796,HF4-36,Teak,4000555-01-000,BF,
1797,HF4-37,Light Ivory Oak ,4000556-01-000,BF,
1798,HF4-38,Lucas Walnut,4000568-01-000,BF,
1799,B46-102,Mercurio,54086-L201880,NS,건창기업
1800,B58-749,Unique Colors,60000-L230458,TS,
1801,B58-750,Unique Colors,60000-L230459,TS,
1802,B64-773,Unique Colors,60000-L230459,SC,
1803,B50-772,Unique Colors,60000-L230459,CS,건창기업
1804,B42-803,Unique Colors,60000-L230460,LE1,
1805,B58-752,Unique Colors,60000-L230461,TS,
1806,B37-834,Unique Colors,60000-L230867,VS,
1807,B37-835,Unique Colors,60000-L230869,VS,
1808,B37-836,Unique Colors,60000-L230872,VS,
1809,A37-377,Solino,6000423-00-000,VS,청림보드(인터플러스 경면)
1810,B40-171,Solino,6000423-00-000,HM,목림(유사 SM)
1811,B10-170,Solino,6000423-00-000,DS,목림
1812,A37-390,Solino,6000429-00-000,VS,청림보드(인터플러스 경면)
1813,HF2-48,Life Oak Long,6000644-00-000,NM,
1814,HF2-49,Canyon Kalk Long,6000645-00-000,NM,
1815,HF2-47,Life Oak Long,6000646-00-000,NM,
1816,U7-60,BP032,BP032,민자,
1817,S36,CH 경면,CH 경면,CH,청림보드(인터플러스 경면)
1818,S9,CL 경면,CL 경면,CL,목림
1819,S1,CT 경면,CT 경면,CT,목림
1820,B16-85,Black,DP/KCC/Black,SM,"승은산업,건창기업(유사 HM)"
1821,B16-84,White,DP/KCC/White,SM,"승은산업,건창기업(유사 HM)"
1822,B40-295,H,H,HM,목림(유사 SM)
1823,C16-50,HS 670 SG ,HS 670 SG ,SM,
1824,B31-628,HS0868LS,HS0868LS,F,
1825,C16-113,HS1294JB,HS1294JB,SM,
1826,C16-114,HS1295JB,HS1295JB,SM,
1827,B37-289,HSS005,HSS005,VS,청림보드(인터플러스 경면)
1828,B1-290,HSS005,HSS005,CT,목림
1829,B7-246,HSS007,HSS007,민자,
1830,B7-247,HSS015,HSS015,민자,
1831,B1-286,HSS022,HSS022,CT,목림
1832,B37-285,HSS022,HSS022,VS,청림보드(인터플러스 경면)
1833,B37-287,HSS027,HSS027,VS,청림보드(인터플러스 경면)
1834,B1-288,HSS027,HSS027,CT,목림
1835,B1-165,HSS033,HSS033,CT,목림
1836,B16-152,HSS048,HSS048,SM,"승은산업,건창기업(유사 HM)"
1837,B37-151,HSS048,HSS048,VS,청림보드(인터플러스 경면)
1838,B16-104,ICC L-7003Z,ICC L-7003Z,SM,"승은산업,건창기업(유사 HM)"
1839,B1-103,ICC L-7003Z,ICC L-7003Z,CT,목림
1840,B16-106,ICC L-7999,ICC L-7999,SM,"승은산업,건창기업(유사 HM)"
1841,B1-105,ICC L-7999,ICC L-7999,CT,목림
1842,S31-241,White,KD0007U,F,건창기업
1843,S25-242,White,KD0007U,J,건창기업(유사 TK)
1844,S16-240,White,KD0007U,SM,"승은산업,건창기업(유사 HM)"
1845,S35-243,White,KD0007U,SJ1,청림보드 (성지라미텍 경면)
1846,S1-239,White,KD0007U,CT,목림
1847,S3-238,White,KD0007U,UK,목림
1848,T40-570,White,KD0012D,HM,
1849,S26-98,White,KD0012D,T,건창기업
1850,S11-113,White,KD0012D,PM,"목림, 건창기업"
1851,U44,White,KD0012D,민자,"목림,승은산업,건창기업,제이제이 데코 등"
1852,S11-107,White,KD0018U,PM,"목림, 건창기업"
1853,U45,White,KD0018U(100g),민자,"목림,승은산업,건창기업,제이제이 데코 등"
1854,U3-96,White,KD0018U(100g),UK,
1855,B45-620,White,KD0018U(100g) ,L ,
1856,S11-103,White,KD0020U,PM,"목림, 건창기업"
1857,S35-473,White,KD0021U,SJ1,청림보드 (성지라미텍 경면)
1858,S1-199,White,KD0021U,CT,목림
1859,S11-108,White,KD0021U,PM,"목림, 건창기업"
1860,AT-882,White,KD0027U,G+ 도장 (soft touch),크라텍
1861,S42-865,White,KD0027U,LE1,프린테크
1862,S26-95,White,KD0027U,T,건창기업
1863,S37-746,White,KD0027U,VS,청림보드(인터플러스 경면)
1864,T45-321,White,KD0027U,L,건창기업
1865,S36-671,White,KD0027U,CH,청림보드(인터플러스 경면) 
1866,U1,White,KD0027U,민자,"목림,승은산업,건창기업,제이제이 데코 등"
1867,S11-104,White,KD0027U,PM,"목림, 건창기업"
1868,S35-902,White,KD0027U,SJ1,청림보드 (성지라미텍 경면)
1869,S42-908,White,KD0028D,LE1,프린테크
1870,AT-877,White,KD0028D,G+ 도장 (soft touch),크라텍
1871,S11-281,White,KD0028D,PM,"목림, 건창기업"
1872,S1-760,White,KD0028D,CT,목림
1873,U2,White,KD0028D,민자,"목림,승은산업,건창기업,제이제이 데코 등"
1874,S37-770,White,KD0028D,VS,청림보드(인터플러스 경면)
1875,T50-252,White,KD0028D,CS,건창기업
1876,S36-672,White,KD0028D,CH,청림보드(인터플러스 경면) 
1877,S35-899,White,KD0028D,SJ1,청림보드 (성지라미텍 경면)
1878,T64-691,White,KD0028U,SC,
1879,B40-299,White,KD0028U,HM,목림(유사 SM)
1880,S11-99,White,KD0028U,PM,"목림, 건창기업"
1881,S1-759,White,KD0032D,CT,목림
1882,S11-102,White,KD0032D,PM,"목림, 건창기업"
1883,S26-94,White,KD0032D,T,건창기업
1884,S37-747,White,KD0032D,VS,청림보드(인터플러스 경면)
1885,T4-306,White,KD0032D,소프트엠보,"목림,승은산업,건창기업,제이제이 데코 등"
1886,T40-226,White,KD0032D,HM,목림(유사 SM)
1887,U3,B/P White,KD0032D,민자,"목림,승은산업,건창기업,제이제이 데코 등"
1888,S42-890,White,KD0032D,LE1,프린테크
1889,S11-105,White,KD0033U,PM,"목림, 건창기업"
1890,U4,White,KD0033U,민자,"목림,승은산업,건창기업,제이제이 데코 등"
1891,S36-661,White,KD0033U,CH,청림보드(인터플러스 경면)
1892,T16-517,White,KD0033U,SM,
1893,T46-522,White,KD0043U,NS,
1894,T64-702,White,KD0043U,SC,
1895,S26-96,White,KD0043U,T,건창기업
1896,S37-748,White,KD0043U,VS,청림보드(인터플러스 경면)
1897,S11-109,White,KD0043U,PM,"목림, 건창기업"
1898,S1-200,White,KD0043U,CT,목림
1899,S35-474,White,KD0043U,SJ1,청림보드 (성지라미텍 경면)
1900,U5,White,KD0043U,민자,"목림,승은산업,건창기업,제이제이 데코 등"
1901,T45-322,White,KD0043U,L,건창기업
1902,S7-279,White,KD0043U,민자,"목림,승은산업,건창기업,제이제이 데코 등"
1903,S36-636,White,KD0043U,CH,청림보드(인터플러스 경면)
1904,T16-518,White,KD0043U,SM,
1905,S42-891,White,KD0043U,LE1,프린테크
1906,S9-625,White,KD0043U,CL,목림
1907,S11-282,White,KD0053D,PM,"목림, 건창기업"
1908,B45-619,White,KD0053D,L,
1909,S16-837,White,KD0053D,SM,"승은산업,건창기업(유사 HM)"
1910,S8-630,White,KD0053D,FB,목림
1911,S36-637,White,KD0053D,CH,청림보드(인터플러스 경면)
1912,U6,White,KD0053D,민자,"목림,승은산업,건창기업,제이제이 데코 등"
1913,S11-283,White,KD0066U,PM,"목림, 건창기업"
1914,U7,White,KD0066U,민자,"목림,승은산업,건창기업,제이제이 데코 등"
1915,S7-300,White,KD0066U,민자,"목림,승은산업,건창기업,제이제이 데코 등"
1916,S35-287,White,KD0066U,SJ1,청림보드 (성지라미텍 경면)
1917,S40-627,White,KD0102D,HM,목림(유사 SM)
1918,U46,Beige,KD1014D,민자,"목림,승은산업,건창기업,제이제이 데코 등"
1919,U59-83,Beige,KD1016U,LV,
1920,T1-523,Beige,KD1016U,CT,목림
1921,AT-878,Beige,KD1016U,G+ 도장 (soft touch),크라텍
1922,S9-743,Beige,KD1016U,CL,목림
1923,S42-866,Beige,KD1016U,LE1,프린테크
1924,T32-359,Beige,KD1016U,S,건창기업
1925,T50-392,Beige,KD1016U,CS,건창기업
1926,U8,Beige,KD1016U,민자,"목림,승은산업,건창기업,제이제이 데코 등"
1927,S11-106,Beige,KD1016U,PM,"목림, 건창기업"
1928,S37-905,Beige,KD1016U,VS,청림보드(인터플러스 경면)
1929,S35-900,Beige,KD1016U,SJ1,청림보드 (성지라미텍 경면)
1930,S40-643,Beige,KD1016U,HM,목림(유사 SM)
1931,S37-755,Grey,KD5001D,VS,청림보드(인터플러스 경면)
1932,S11-285,Grey,KD5001D,PM,"목림, 건창기업"
1933,S1-592,Grey,KD5001D,CT,목림
1934,S8-486,Grey,KD5001D,FB,목림
1935,U9,Grey,KD5001D,민자,"목림,승은산업,건창기업,제이제이 데코 등"
1936,S40-756,Grey,KD5001D,HM,목림(유사 SM)
1937,S9-626,Grey,KD5001D,CL,목림
1938,U3-80,Grey,KD5002D,UK,
1939,S35-288,Grey,KD5002D,SJ1,청림보드 (성지라미텍 경면)
1940,S37-763,Grey,KD5002D,VS,청림보드(인터플러스 경면)
1941,S7-298,Grey,KD5002D,민자,"목림,승은산업,건창기업,제이제이 데코 등"
1942,S1-832,Grey,KD5002D,CT,목림
1943,T40-227,Grey,KD5002D,HM,목림(유사 SM)
1944,S8-485,Grey,KD5002D,FB,목림
1945,U10,Grey,KD5002D,민자,"목림,승은산업,건창기업,제이제이 데코 등"
1946,T50-253,Grey,KD5002D,CS,건창기업
1947,T40-228,Grey,KD5002D,LE1,프린테크
1948,T46-759,Grey,KD5005D,NS,
1949,T37-761,Grey,KD5005D,VS,
1950,T35-760,Grey,KD5005D,SJ1,
1951,U64-4,Grey,KD5005D,SC,
1952,T16-495,Grey,KD5005D,SM,
1953,T56-492,Grey,KD5005D,DP,승은산업
1954,T42-482,Grey,KD5005D,LE1,
1955,U47,Grey,KD5005D,민자,"목림,승은산업,건창기업,제이제이 데코 등"
1956,U59-82,Grey,KD5008U,LV,
1957,S8-484,Grey,KD5008U,FB,목림
1958,S11-100,Grey,KD5008U,PM,"목림, 건창기업"
1959,S37-764,Grey,KD5008U,VS,청림보드(인터플러스 경면)
1960,S1-558,Grey,KD5008U,CT,목림
1961,T61-568,Grey,KD5008U,CM,목림
1962,AT-883,Grey,KD5008U,G+ 도장 (soft touch),크라텍
1963,S42-864,Grey,KD5008U,LE1,프린테크
1964,S26-93,Grey,KD5008U,T,건창기업
1965,S7-297,Grey,KD5008U,민자,"목림,승은산업,건창기업,제이제이 데코 등"
1966,S40-767,Grey,KD5008U,HM,목림(유사 SM)
1967,U11,Grey,KD5008U,민자,"목림,승은산업,건창기업,제이제이 데코 등"
1968,T64-682,Grey,KD5008U,SC,
1969,B46-317,Grey,KD5008U,NS,건창기업
1970,T50-254,Grey,KD5008U,CS,건창기업
1971,S36-557,Grey,KD5008U,CH,청림보드(인터플러스 경면) 
1972,S35-290,Grey,KD5008U,SJ1,청림보드 (성지라미텍 경면)
1973,T45-498,Grey,KD5008U,L,
1974,T3-497,Grey,KD5008U,UK,
1975,T58-436,Grey,KD5008U,TS,
1976,T44-86,Grey,KD5008U,목림273,목림
1977,B7-60,Grey,KD5008U,민자,"목림,승은산업,건창기업,제이제이 데코 등"
1978,S9-624,Grey,KD5008U,CL,목림
1979,S42-910,Grey,KD5010U,LE1,프린테크
1980,S31-761,Grey,KD5010U,F,건창기업
1981,T44-856,Grey,KD5010U,목림273,
1982,T56-855,Grey,KD5010U,DP,승은산업
1983,S16-758,Grey,KD5010U,SM,"승은산업,건창기업(유사 HM)"
1984,T61-569,Grey,KD5010U,CM,목림
1985,T58-917,Grey,KD5010U,TS,
1986,AT-880,Grey,KD5010U,G+ 도장 (soft touch),크라텍
1987,S1-201,Grey,KD5010U,CT,목림
1988,T64-683,Grey,KD5010U,SC,
1989,T50-259,Grey,KD5010U,CS,건창기업
1990,S9-598,Grey,KD5010U,CL,목림
1991,U12,Grey,KD5010U,민자,"목림,승은산업,건창기업,제이제이 데코 등"
1992,S7-280,Grey,KD5010U,민자,"목림,승은산업,건창기업,제이제이 데코 등"
1993,T3-238,Grey,KD5010U,UK,목림
1994,T4-305,Grey,KD5010U,소프트엠보,"목림,승은산업,건창기업,제이제이 데코 등"
1995,S35-289,Grey,KD5010U,SJ1,청림보드 (성지라미텍 경면)
1996,S11-101,Grey,KD5010U,PM,"목림, 건창기업"
1997,S37-499,Grey,KD5010U,VS,청림보드(인터플러스 경면)
1998,S8-631,Grey,KD5010U,FB,목림
1999,AU-33,Grey,KD5010U(후면 소프트엠보),G+ 도장 (soft touch),크라텍
2000,T45-423,Grey,KD5014D,L,건창기업
2001,T44-582,Grey,KD5014D,목림273,
2002,U58-6,Grey,KD5014D,TS,
2003,S16-563,Grey,KD5014D,SM,"승은산업,건창기업(유사 HM)"
2004,T59-572,Grey,KD5014D,LV,
2005,S11-552,Grey,KD5014D,PM,"목림, 건창기업"
2006,AT-784,Grey,KD5014D,G+ 도장 (soft touch),크라텍
2007,AC-779,Grey,KD5014D,M2 도장 (easy coating),크라텍
2008,T4-838,Grey,KD5014D,소프트엠보,
2009,T40-574,Grey,KD5014D,HM,
2010,T64-684,Grey,KD5014D,SC,
2011,T50-264,Grey,KD5014D,CS,건창기업
2012,B7-61,Grey,KD5014D,민자,"목림,승은산업,건창기업,제이제이 데코 등"
2013,T32-358,Gray,KD5014D,S,건창기업
2014,S37-500,Grey,KD5014D,VS,청림보드(인터플러스 경면)
2015,U13,Grey,KD5014D,민자,"목림,승은산업,건창기업,제이제이 데코 등"
2016,T3-239,Grey,KD5014D,UK,목림
2017,S35-291,Grey,KD5014D,SJ1,청림보드 (성지라미텍 경면)
2018,S1-665,Grey,KD5014D,CT,목림
2019,S42-894,Grey,KD5014D,LE1,프린테크
2020,S9-623,Grey,KD5014D,CL,목림
2021,S8-632,Grey,KD5014D,FB,목림
2022,B44-87,Grey,KD5014D(중복),목림273,목림
2023,T44-658,Grey,KD5016U,목림273,
2024,T25-657,Grey,KD5016U,J,
2025,T45-656,Grey,KD5016U,L,
2026,T3-655,Grey,KD5016U,UK,
2027,T39-654,Grey,KD5016U,TK,
2028,T24-653,Grey,KD5016U,QT,
2029,T8-801,Grey,KD5016U,FB,
2030,T35-766,Grey,KD5016U,SJ1,
2031,T46-765,Grey,KD5016U,NS,
2032,T7-647,Grey,KD5016U,민자,
2033,T56-491,Grey,KD5016U,DP,승은산업
2034,T42-483,Grey,KD5016U,LE1,
2035,U61,Grey,KD5016U,민자,"목림,승은산업,건창기업,제이제이 데코 등"
2036,T37-476,Grey,KD5016U,VS,
2037,U64-75,Grey,KD5016U,SC,
2038,S11-110,Grey,KD5018U,PM,"목림, 건창기업"
2039,S26-142,Black,KD5021U,T,건창기업
2040,T40-435,Black,KD5021U,HM,목림(유사 SM)
2041,S11-111,Black,KD5021U,PM,"목림, 건창기업"
2042,S35-292,Black,KD5021U,SJ1,청림보드 (성지라미텍 경면)
2043,S7-299,Black,KD5021U,민자,"목림,승은산업,건창기업,제이제이 데코 등"
2044,U14,Black,KD5021U,민자,"목림,승은산업,건창기업,제이제이 데코 등"
2045,B36-36,Black,KD5021U,CH,청림보드(인터플러스 경면) 
2046,S9-628,Black,KD5021U,CL,목림
2047,S37-438,Black,KD5021U,VS,청림보드(인터플러스 경면)
2048,B1-35,Black,KD5021U,CT,목림
2049,S1-839,Grey,KD5023D,CT,목림
2050,T37-461,Grey,KD5023D,VS,
2051,S40-646,Grey,KD5023D,HM,목림(유사 SM)
2052,U15,Grey,KD5023D,민자,"목림,승은산업,건창기업,제이제이 데코 등"
2053,B62-594,Grey,KD5023D,AK,목림
2054,T9-58,Grey,KD5023D,CL,목림
2055,U56-92,Brown,KD5023D,DP,
2056,U7-17,Grey,KD5040U,민자,
2057,T3-511,KDW-2167,KDW-2167,UK,
2058,B42-248,KG-H-1131,KG-H-1131,LE1,프린테크
2059,B16-796,MS501,MS501,SM,
2060,B7-795,MS501,MS501,민자,
2061,B9-241,MS517,MS517,CL,목림
2062,B64-728,MS518(유신물산),MS518(유신물산),SC,
2063,B9-242,MS527,MS527,CL,목림
2064,B64-726,MS532(유신물산),MS532(유신물산),SC,
2065,B1-121,Grey,N105,CT,목림
2066,A9-171,N144,N144,CL,목림
2067,B64-915,N239,N239,SC,
2068,B42-707,N241,N241,LE1,
2069,B64-729,N241(효산),N241(효산),SC,
2070,B40-573,N243,N243,LE1,프린테크
2071,B42-704,N244,N244,LE1,
2072,B42-705,N246,N246,LE1,
2073,B42-706,N252,N252,LE1,
2074,C7-16,PTA469,PTA469,민자,
2075,B37-5,S833(효산품번),S833,VS,청림보드(인터플러스 경면)
2076,HF4-41,SA18,SA18,BF,
2077,R37-386,Granitello,SA32,VS,청림보드(인터플러스 경면)
2078,R3-387,Walnut,SA34,UK,
2079,HF4-39,SA5,SA5,BF,
2080,HF4-40,SA9,SA9,BF,
2081,S35,SJ1 경면,SJ1 경면,SJ1,청림보드 (성지라미텍 경면)
2082,B37-579,SM1023S,SM1023S,VS,
2083,B42-249,SM1024M,SM1024M,LE1,프린테크
2084,B37-580,SM1025T,SM1025T,VS,
2085,B9-250,SM1153X,SM1153X,CL,목림
2086,B58-424,SM1153X,SM1153X,TS,건창기업
2087,S37,VS 경면,VS 경면,VS,청림보드(인터플러스 경면)
2088,T64-701,White,XH1004D,SC,
2089,T44-798,White,XH1004D,목림273,
2090,T42-625,White,XH1004D,LE1,
2091,T16-870,White,XH1004D,SM,
2092,U16,White,XH1004D,민자,"목림,승은산업,건창기업,제이제이 데코 등"
2093,B62-595,White,XH1004D,AK,목림
2094,S11-286,White,XH1004D,PM,"목림, 건창기업"
2095,S37-906,White,XH1004D,VS,청림보드(인터플러스 경면)
2096,S9-897,White,XH1004D,CL,목림
2097,B31-221,Grey,XH5013D,F,건창기업
2098,T26-235,Grey,XH5013D,T,건창기업
2099,S42-863,Grey,XH5013D,LE1,프린테크
2100,T64-685,Grey,XH5013D,SC,
2101,T50-260,Grey,XH5013D,CS,건창기업
2102,T45-422,Grey,XH5013D,L,건창기업
2103,B46-222,Grey,XH5013D,NS,건창기업
2104,S1-593,Grey,XH5013D,CT,목림
2105,B44-220,Grey,XH5013D,목림273,목림
2106,S40-928,Grey,XH5013D,HM,목림(유사 SM)
2107,S37-911,Grey,XH5013D,VS,청림보드(인터플러스 경면)
2108,U17,Grey,XH5013D,민자,"목림,승은산업,건창기업,제이제이 데코 등"
2109,S35-607,Grey,XH5013D,SJ1,청림보드 (성지라미텍 경면)
2110,T10-2,Grey,XH5013D,DS,목림
2111,S9-609,Grey,XH5013D,CL,목림
2112,S8-600,Grey,XH5013D,FB,목림
2113,S11-284,Grey,XH5013D,PM,"목림, 건창기업"
2114,S37-765,Grey,XH5015U,VS,청림보드(인터플러스 경면)
2115,S16-838,Grey,XH5015U,SM,"승은산업,건창기업(유사 HM)"
2116,S1-833,Grey,XH5015U,CT,목림
2117,T42-802,Grey,XH5015U,LE1,
2118,T8-800,Grey,XH5015U,FB,
2119,T44-797,Grey,XH5015U,목림273,
2120,S35-692,Grey,XH5015U,SJ1,청림보드 (성지라미텍 경면)
2121,T50-255,Grey,XH5015U,CS,건창기업
2122,U18,Grey,XH5015U,민자,"목림,승은산업,건창기업,제이제이 데코 등"
2123,S9-667,Grey,XH5015U,CL,목림
2124,T3-480,Grey,XH5015U,UK,
2125,T45-481,Grey,XH5015U,L,
2126,B40-296,별,별,HM,목림(유사 SM)
2127,A1-66,양면누적지,양면누적지,CT,목림
2128,B37-330,클린터치 시나몬,클린터치 시나몬,VS,청림보드(인터플러스 경면)
2129,B37-329,클린터치 초코,클린터치 초코,VS,청림보드(인터플러스 경면)
2130,B37-328,프린테크 다크 초코,프린테크 다크 초코,VS,청림보드(인터플러스 경면)
